2026-05-07 20:00:24,903 - root - ERROR - Error handling request http://127.0.0.1:8000/api/v1/drift/status: 1 validation error for DriftStatusResponse
last_alarm_at
  Input should be a valid string [type=string_type, input_value=None, input_type=NoneType]
    For further information visit https://errors.pydantic.dev/2.13/v/string_type
2026-05-07 20:00:24,912 - root - ERROR - Traceback (most recent call last):
  File "C:\Users\sarth\OneDrive\Desktop\JBooks\CarbonSense\backend\app\main.py", line 26, in log_errors_middleware
    return await call_next(request)
           ^^^^^^^^^^^^^^^^^^^^^^^^
  File "C:\Users\sarth\AppData\Roaming\Python\Python314\site-packages\starlette\middleware\base.py", line 168, in call_next
    raise app_exc from app_exc.__cause__ or app_exc.__context__
  File "C:\Users\sarth\AppData\Roaming\Python\Python314\site-packages\starlette\middleware\base.py", line 144, in coro
    await self.app(scope, receive_or_disconnect, send_no_error)
  File "C:\Users\sarth\AppData\Roaming\Python\Python314\site-packages\starlette\middleware\exceptions.py", line 63, in __call__
    await wrap_app_handling_exceptions(self.app, conn)(scope, receive, send)
  File "C:\Users\sarth\AppData\Roaming\Python\Python314\site-packages\starlette\_exception_handler.py", line 53, in wrapped_app
    raise exc
  File "C:\Users\sarth\AppData\Roaming\Python\Python314\site-packages\starlette\_exception_handler.py", line 42, in wrapped_app
    await app(scope, receive, sender)
  File "C:\Users\sarth\AppData\Roaming\Python\Python314\site-packages\fastapi\middleware\asyncexitstack.py", line 18, in __call__
    await self.app(scope, receive, send)
  File "C:\Users\sarth\AppData\Roaming\Python\Python314\site-packages\starlette\routing.py", line 660, in __call__
    await self.middleware_stack(scope, receive, send)
  File "C:\Users\sarth\AppData\Roaming\Python\Python314\site-packages\starlette\routing.py", line 680, in app
    await route.handle(scope, receive, send)
  File "C:\Users\sarth\AppData\Roaming\Python\Python314\site-packages\starlette\routing.py", line 276, in handle
    await self.app(scope, receive, send)
  File "C:\Users\sarth\AppData\Roaming\Python\Python314\site-packages\fastapi\routing.py", line 134, in app
    await wrap_app_handling_exceptions(app, request)(scope, receive, send)
  File "C:\Users\sarth\AppData\Roaming\Python\Python314\site-packages\starlette\_exception_handler.py", line 53, in wrapped_app
    raise exc
  File "C:\Users\sarth\AppData\Roaming\Python\Python314\site-packages\starlette\_exception_handler.py", line 42, in wrapped_app
    await app(scope, receive, sender)
  File "C:\Users\sarth\AppData\Roaming\Python\Python314\site-packages\fastapi\routing.py", line 120, in app
    response = await f(request)
               ^^^^^^^^^^^^^^^^
  File "C:\Users\sarth\AppData\Roaming\Python\Python314\site-packages\fastapi\routing.py", line 674, in app
    raw_response = await run_endpoint_function(
                   ^^^^^^^^^^^^^^^^^^^^^^^^^^^^
    ...<3 lines>...
    )
    ^
  File "C:\Users\sarth\AppData\Roaming\Python\Python314\site-packages\fastapi\routing.py", line 328, in run_endpoint_function
    return await dependant.call(**values)
           ^^^^^^^^^^^^^^^^^^^^^^^^^^^^^^
  File "C:\Users\sarth\OneDrive\Desktop\JBooks\CarbonSense\backend\app\api\endpoints\drift.py", line 31, in get_drift_status
    return DriftStatusResponse(
        drift_detected=False,
    ...<3 lines>...
        adwin_width=32
    )
  File "C:\Users\sarth\AppData\Roaming\Python\Python314\site-packages\pydantic\main.py", line 263, in __init__
    validated_self = self.__pydantic_validator__.validate_python(data, self_instance=self)
pydantic_core._pydantic_core.ValidationError: 1 validation error for DriftStatusResponse
last_alarm_at
  Input should be a valid string [type=string_type, input_value=None, input_type=NoneType]
    For further information visit https://errors.pydantic.dev/2.13/v/string_type

2026-05-07 20:00:28,215 - root - ERROR - Error handling request http://127.0.0.1:8000/api/v1/drift/status: 1 validation error for DriftStatusResponse
last_alarm_at
  Input should be a valid string [type=string_type, input_value=None, input_type=NoneType]
    For further information visit https://errors.pydantic.dev/2.13/v/string_type
2026-05-07 20:00:28,224 - root - ERROR - Traceback (most recent call last):
  File "C:\Users\sarth\OneDrive\Desktop\JBooks\CarbonSense\backend\app\main.py", line 26, in log_errors_middleware
    return await call_next(request)
           ^^^^^^^^^^^^^^^^^^^^^^^^
  File "C:\Users\sarth\AppData\Roaming\Python\Python314\site-packages\starlette\middleware\base.py", line 168, in call_next
    raise app_exc from app_exc.__cause__ or app_exc.__context__
  File "C:\Users\sarth\AppData\Roaming\Python\Python314\site-packages\starlette\middleware\base.py", line 144, in coro
    await self.app(scope, receive_or_disconnect, send_no_error)
  File "C:\Users\sarth\AppData\Roaming\Python\Python314\site-packages\starlette\middleware\exceptions.py", line 63, in __call__
    await wrap_app_handling_exceptions(self.app, conn)(scope, receive, send)
  File "C:\Users\sarth\AppData\Roaming\Python\Python314\site-packages\starlette\_exception_handler.py", line 53, in wrapped_app
    raise exc
  File "C:\Users\sarth\AppData\Roaming\Python\Python314\site-packages\starlette\_exception_handler.py", line 42, in wrapped_app
    await app(scope, receive, sender)
  File "C:\Users\sarth\AppData\Roaming\Python\Python314\site-packages\fastapi\middleware\asyncexitstack.py", line 18, in __call__
    await self.app(scope, receive, send)
  File "C:\Users\sarth\AppData\Roaming\Python\Python314\site-packages\starlette\routing.py", line 660, in __call__
    await self.middleware_stack(scope, receive, send)
  File "C:\Users\sarth\AppData\Roaming\Python\Python314\site-packages\starlette\routing.py", line 680, in app
    await route.handle(scope, receive, send)
  File "C:\Users\sarth\AppData\Roaming\Python\Python314\site-packages\starlette\routing.py", line 276, in handle
    await self.app(scope, receive, send)
  File "C:\Users\sarth\AppData\Roaming\Python\Python314\site-packages\fastapi\routing.py", line 134, in app
    await wrap_app_handling_exceptions(app, request)(scope, receive, send)
  File "C:\Users\sarth\AppData\Roaming\Python\Python314\site-packages\starlette\_exception_handler.py", line 53, in wrapped_app
    raise exc
  File "C:\Users\sarth\AppData\Roaming\Python\Python314\site-packages\starlette\_exception_handler.py", line 42, in wrapped_app
    await app(scope, receive, sender)
  File "C:\Users\sarth\AppData\Roaming\Python\Python314\site-packages\fastapi\routing.py", line 120, in app
    response = await f(request)
               ^^^^^^^^^^^^^^^^
  File "C:\Users\sarth\AppData\Roaming\Python\Python314\site-packages\fastapi\routing.py", line 674, in app
    raw_response = await run_endpoint_function(
                   ^^^^^^^^^^^^^^^^^^^^^^^^^^^^
    ...<3 lines>...
    )
    ^
  File "C:\Users\sarth\AppData\Roaming\Python\Python314\site-packages\fastapi\routing.py", line 328, in run_endpoint_function
    return await dependant.call(**values)
           ^^^^^^^^^^^^^^^^^^^^^^^^^^^^^^
  File "C:\Users\sarth\OneDrive\Desktop\JBooks\CarbonSense\backend\app\api\endpoints\drift.py", line 31, in get_drift_status
    return DriftStatusResponse(
        drift_detected=False,
    ...<3 lines>...
        adwin_width=32
    )
  File "C:\Users\sarth\AppData\Roaming\Python\Python314\site-packages\pydantic\main.py", line 263, in __init__
    validated_self = self.__pydantic_validator__.validate_python(data, self_instance=self)
pydantic_core._pydantic_core.ValidationError: 1 validation error for DriftStatusResponse
last_alarm_at
  Input should be a valid string [type=string_type, input_value=None, input_type=NoneType]
    For further information visit https://errors.pydantic.dev/2.13/v/string_type

2026-05-07 20:00:28,233 - root - ERROR - Error handling request http://127.0.0.1:8000/api/v1/drift/status: 1 validation error for DriftStatusResponse
last_alarm_at
  Input should be a valid string [type=string_type, input_value=None, input_type=NoneType]
    For further information visit https://errors.pydantic.dev/2.13/v/string_type
2026-05-07 20:00:28,235 - root - ERROR - Traceback (most recent call last):
  File "C:\Users\sarth\OneDrive\Desktop\JBooks\CarbonSense\backend\app\main.py", line 26, in log_errors_middleware
    return await call_next(request)
           ^^^^^^^^^^^^^^^^^^^^^^^^
  File "C:\Users\sarth\AppData\Roaming\Python\Python314\site-packages\starlette\middleware\base.py", line 168, in call_next
    raise app_exc from app_exc.__cause__ or app_exc.__context__
  File "C:\Users\sarth\AppData\Roaming\Python\Python314\site-packages\starlette\middleware\base.py", line 144, in coro
    await self.app(scope, receive_or_disconnect, send_no_error)
  File "C:\Users\sarth\AppData\Roaming\Python\Python314\site-packages\starlette\middleware\exceptions.py", line 63, in __call__
    await wrap_app_handling_exceptions(self.app, conn)(scope, receive, send)
  File "C:\Users\sarth\AppData\Roaming\Python\Python314\site-packages\starlette\_exception_handler.py", line 53, in wrapped_app
    raise exc
  File "C:\Users\sarth\AppData\Roaming\Python\Python314\site-packages\starlette\_exception_handler.py", line 42, in wrapped_app
    await app(scope, receive, sender)
  File "C:\Users\sarth\AppData\Roaming\Python\Python314\site-packages\fastapi\middleware\asyncexitstack.py", line 18, in __call__
    await self.app(scope, receive, send)
  File "C:\Users\sarth\AppData\Roaming\Python\Python314\site-packages\starlette\routing.py", line 660, in __call__
    await self.middleware_stack(scope, receive, send)
  File "C:\Users\sarth\AppData\Roaming\Python\Python314\site-packages\starlette\routing.py", line 680, in app
    await route.handle(scope, receive, send)
  File "C:\Users\sarth\AppData\Roaming\Python\Python314\site-packages\starlette\routing.py", line 276, in handle
    await self.app(scope, receive, send)
  File "C:\Users\sarth\AppData\Roaming\Python\Python314\site-packages\fastapi\routing.py", line 134, in app
    await wrap_app_handling_exceptions(app, request)(scope, receive, send)
  File "C:\Users\sarth\AppData\Roaming\Python\Python314\site-packages\starlette\_exception_handler.py", line 53, in wrapped_app
    raise exc
  File "C:\Users\sarth\AppData\Roaming\Python\Python314\site-packages\starlette\_exception_handler.py", line 42, in wrapped_app
    await app(scope, receive, sender)
  File "C:\Users\sarth\AppData\Roaming\Python\Python314\site-packages\fastapi\routing.py", line 120, in app
    response = await f(request)
               ^^^^^^^^^^^^^^^^
  File "C:\Users\sarth\AppData\Roaming\Python\Python314\site-packages\fastapi\routing.py", line 674, in app
    raw_response = await run_endpoint_function(
                   ^^^^^^^^^^^^^^^^^^^^^^^^^^^^
    ...<3 lines>...
    )
    ^
  File "C:\Users\sarth\AppData\Roaming\Python\Python314\site-packages\fastapi\routing.py", line 328, in run_endpoint_function
    return await dependant.call(**values)
           ^^^^^^^^^^^^^^^^^^^^^^^^^^^^^^
  File "C:\Users\sarth\OneDrive\Desktop\JBooks\CarbonSense\backend\app\api\endpoints\drift.py", line 31, in get_drift_status
    return DriftStatusResponse(
        drift_detected=False,
    ...<3 lines>...
        adwin_width=32
    )
  File "C:\Users\sarth\AppData\Roaming\Python\Python314\site-packages\pydantic\main.py", line 263, in __init__
    validated_self = self.__pydantic_validator__.validate_python(data, self_instance=self)
pydantic_core._pydantic_core.ValidationError: 1 validation error for DriftStatusResponse
last_alarm_at
  Input should be a valid string [type=string_type, input_value=None, input_type=NoneType]
    For further information visit https://errors.pydantic.dev/2.13/v/string_type

2026-05-07 20:01:24,894 - root - ERROR - Error handling request http://127.0.0.1:8000/api/v1/drift/status: 1 validation error for DriftStatusResponse
last_alarm_at
  Input should be a valid string [type=string_type, input_value=None, input_type=NoneType]
    For further information visit https://errors.pydantic.dev/2.13/v/string_type
2026-05-07 20:01:24,900 - root - ERROR - Traceback (most recent call last):
  File "C:\Users\sarth\OneDrive\Desktop\JBooks\CarbonSense\backend\app\main.py", line 26, in log_errors_middleware
    return await call_next(request)
           ^^^^^^^^^^^^^^^^^^^^^^^^
  File "C:\Users\sarth\AppData\Roaming\Python\Python314\site-packages\starlette\middleware\base.py", line 168, in call_next
    raise app_exc from app_exc.__cause__ or app_exc.__context__
  File "C:\Users\sarth\AppData\Roaming\Python\Python314\site-packages\starlette\middleware\base.py", line 144, in coro
    await self.app(scope, receive_or_disconnect, send_no_error)
  File "C:\Users\sarth\AppData\Roaming\Python\Python314\site-packages\starlette\middleware\exceptions.py", line 63, in __call__
    await wrap_app_handling_exceptions(self.app, conn)(scope, receive, send)
  File "C:\Users\sarth\AppData\Roaming\Python\Python314\site-packages\starlette\_exception_handler.py", line 53, in wrapped_app
    raise exc
  File "C:\Users\sarth\AppData\Roaming\Python\Python314\site-packages\starlette\_exception_handler.py", line 42, in wrapped_app
    await app(scope, receive, sender)
  File "C:\Users\sarth\AppData\Roaming\Python\Python314\site-packages\fastapi\middleware\asyncexitstack.py", line 18, in __call__
    await self.app(scope, receive, send)
  File "C:\Users\sarth\AppData\Roaming\Python\Python314\site-packages\starlette\routing.py", line 660, in __call__
    await self.middleware_stack(scope, receive, send)
  File "C:\Users\sarth\AppData\Roaming\Python\Python314\site-packages\starlette\routing.py", line 680, in app
    await route.handle(scope, receive, send)
  File "C:\Users\sarth\AppData\Roaming\Python\Python314\site-packages\starlette\routing.py", line 276, in handle
    await self.app(scope, receive, send)
  File "C:\Users\sarth\AppData\Roaming\Python\Python314\site-packages\fastapi\routing.py", line 134, in app
    await wrap_app_handling_exceptions(app, request)(scope, receive, send)
  File "C:\Users\sarth\AppData\Roaming\Python\Python314\site-packages\starlette\_exception_handler.py", line 53, in wrapped_app
    raise exc
  File "C:\Users\sarth\AppData\Roaming\Python\Python314\site-packages\starlette\_exception_handler.py", line 42, in wrapped_app
    await app(scope, receive, sender)
  File "C:\Users\sarth\AppData\Roaming\Python\Python314\site-packages\fastapi\routing.py", line 120, in app
    response = await f(request)
               ^^^^^^^^^^^^^^^^
  File "C:\Users\sarth\AppData\Roaming\Python\Python314\site-packages\fastapi\routing.py", line 674, in app
    raw_response = await run_endpoint_function(
                   ^^^^^^^^^^^^^^^^^^^^^^^^^^^^
    ...<3 lines>...
    )
    ^
  File "C:\Users\sarth\AppData\Roaming\Python\Python314\site-packages\fastapi\routing.py", line 328, in run_endpoint_function
    return await dependant.call(**values)
           ^^^^^^^^^^^^^^^^^^^^^^^^^^^^^^
  File "C:\Users\sarth\OneDrive\Desktop\JBooks\CarbonSense\backend\app\api\endpoints\drift.py", line 31, in get_drift_status
    return DriftStatusResponse(
        drift_detected=False,
    ...<3 lines>...
        adwin_width=32
    )
  File "C:\Users\sarth\AppData\Roaming\Python\Python314\site-packages\pydantic\main.py", line 263, in __init__
    validated_self = self.__pydantic_validator__.validate_python(data, self_instance=self)
pydantic_core._pydantic_core.ValidationError: 1 validation error for DriftStatusResponse
last_alarm_at
  Input should be a valid string [type=string_type, input_value=None, input_type=NoneType]
    For further information visit https://errors.pydantic.dev/2.13/v/string_type

2026-05-07 20:01:28,250 - root - ERROR - Error handling request http://127.0.0.1:8000/api/v1/drift/status: 1 validation error for DriftStatusResponse
last_alarm_at
  Input should be a valid string [type=string_type, input_value=None, input_type=NoneType]
    For further information visit https://errors.pydantic.dev/2.13/v/string_type
2026-05-07 20:01:28,252 - root - ERROR - Traceback (most recent call last):
  File "C:\Users\sarth\OneDrive\Desktop\JBooks\CarbonSense\backend\app\main.py", line 26, in log_errors_middleware
    return await call_next(request)
           ^^^^^^^^^^^^^^^^^^^^^^^^
  File "C:\Users\sarth\AppData\Roaming\Python\Python314\site-packages\starlette\middleware\base.py", line 168, in call_next
    raise app_exc from app_exc.__cause__ or app_exc.__context__
  File "C:\Users\sarth\AppData\Roaming\Python\Python314\site-packages\starlette\middleware\base.py", line 144, in coro
    await self.app(scope, receive_or_disconnect, send_no_error)
  File "C:\Users\sarth\AppData\Roaming\Python\Python314\site-packages\starlette\middleware\exceptions.py", line 63, in __call__
    await wrap_app_handling_exceptions(self.app, conn)(scope, receive, send)
  File "C:\Users\sarth\AppData\Roaming\Python\Python314\site-packages\starlette\_exception_handler.py", line 53, in wrapped_app
    raise exc
  File "C:\Users\sarth\AppData\Roaming\Python\Python314\site-packages\starlette\_exception_handler.py", line 42, in wrapped_app
    await app(scope, receive, sender)
  File "C:\Users\sarth\AppData\Roaming\Python\Python314\site-packages\fastapi\middleware\asyncexitstack.py", line 18, in __call__
    await self.app(scope, receive, send)
  File "C:\Users\sarth\AppData\Roaming\Python\Python314\site-packages\starlette\routing.py", line 660, in __call__
    await self.middleware_stack(scope, receive, send)
  File "C:\Users\sarth\AppData\Roaming\Python\Python314\site-packages\starlette\routing.py", line 680, in app
    await route.handle(scope, receive, send)
  File "C:\Users\sarth\AppData\Roaming\Python\Python314\site-packages\starlette\routing.py", line 276, in handle
    await self.app(scope, receive, send)
  File "C:\Users\sarth\AppData\Roaming\Python\Python314\site-packages\fastapi\routing.py", line 134, in app
    await wrap_app_handling_exceptions(app, request)(scope, receive, send)
  File "C:\Users\sarth\AppData\Roaming\Python\Python314\site-packages\starlette\_exception_handler.py", line 53, in wrapped_app
    raise exc
  File "C:\Users\sarth\AppData\Roaming\Python\Python314\site-packages\starlette\_exception_handler.py", line 42, in wrapped_app
    await app(scope, receive, sender)
  File "C:\Users\sarth\AppData\Roaming\Python\Python314\site-packages\fastapi\routing.py", line 120, in app
    response = await f(request)
               ^^^^^^^^^^^^^^^^
  File "C:\Users\sarth\AppData\Roaming\Python\Python314\site-packages\fastapi\routing.py", line 674, in app
    raw_response = await run_endpoint_function(
                   ^^^^^^^^^^^^^^^^^^^^^^^^^^^^
    ...<3 lines>...
    )
    ^
  File "C:\Users\sarth\AppData\Roaming\Python\Python314\site-packages\fastapi\routing.py", line 328, in run_endpoint_function
    return await dependant.call(**values)
           ^^^^^^^^^^^^^^^^^^^^^^^^^^^^^^
  File "C:\Users\sarth\OneDrive\Desktop\JBooks\CarbonSense\backend\app\api\endpoints\drift.py", line 31, in get_drift_status
    return DriftStatusResponse(
        drift_detected=False,
    ...<3 lines>...
        adwin_width=32
    )
  File "C:\Users\sarth\AppData\Roaming\Python\Python314\site-packages\pydantic\main.py", line 263, in __init__
    validated_self = self.__pydantic_validator__.validate_python(data, self_instance=self)
pydantic_core._pydantic_core.ValidationError: 1 validation error for DriftStatusResponse
last_alarm_at
  Input should be a valid string [type=string_type, input_value=None, input_type=NoneType]
    For further information visit https://errors.pydantic.dev/2.13/v/string_type

2026-05-07 20:01:28,269 - root - ERROR - Error handling request http://127.0.0.1:8000/api/v1/drift/status: 1 validation error for DriftStatusResponse
last_alarm_at
  Input should be a valid string [type=string_type, input_value=None, input_type=NoneType]
    For further information visit https://errors.pydantic.dev/2.13/v/string_type
2026-05-07 20:01:28,277 - root - ERROR - Traceback (most recent call last):
  File "C:\Users\sarth\OneDrive\Desktop\JBooks\CarbonSense\backend\app\main.py", line 26, in log_errors_middleware
    return await call_next(request)
           ^^^^^^^^^^^^^^^^^^^^^^^^
  File "C:\Users\sarth\AppData\Roaming\Python\Python314\site-packages\starlette\middleware\base.py", line 168, in call_next
    raise app_exc from app_exc.__cause__ or app_exc.__context__
  File "C:\Users\sarth\AppData\Roaming\Python\Python314\site-packages\starlette\middleware\base.py", line 144, in coro
    await self.app(scope, receive_or_disconnect, send_no_error)
  File "C:\Users\sarth\AppData\Roaming\Python\Python314\site-packages\starlette\middleware\exceptions.py", line 63, in __call__
    await wrap_app_handling_exceptions(self.app, conn)(scope, receive, send)
  File "C:\Users\sarth\AppData\Roaming\Python\Python314\site-packages\starlette\_exception_handler.py", line 53, in wrapped_app
    raise exc
  File "C:\Users\sarth\AppData\Roaming\Python\Python314\site-packages\starlette\_exception_handler.py", line 42, in wrapped_app
    await app(scope, receive, sender)
  File "C:\Users\sarth\AppData\Roaming\Python\Python314\site-packages\fastapi\middleware\asyncexitstack.py", line 18, in __call__
    await self.app(scope, receive, send)
  File "C:\Users\sarth\AppData\Roaming\Python\Python314\site-packages\starlette\routing.py", line 660, in __call__
    await self.middleware_stack(scope, receive, send)
  File "C:\Users\sarth\AppData\Roaming\Python\Python314\site-packages\starlette\routing.py", line 680, in app
    await route.handle(scope, receive, send)
  File "C:\Users\sarth\AppData\Roaming\Python\Python314\site-packages\starlette\routing.py", line 276, in handle
    await self.app(scope, receive, send)
  File "C:\Users\sarth\AppData\Roaming\Python\Python314\site-packages\fastapi\routing.py", line 134, in app
    await wrap_app_handling_exceptions(app, request)(scope, receive, send)
  File "C:\Users\sarth\AppData\Roaming\Python\Python314\site-packages\starlette\_exception_handler.py", line 53, in wrapped_app
    raise exc
  File "C:\Users\sarth\AppData\Roaming\Python\Python314\site-packages\starlette\_exception_handler.py", line 42, in wrapped_app
    await app(scope, receive, sender)
  File "C:\Users\sarth\AppData\Roaming\Python\Python314\site-packages\fastapi\routing.py", line 120, in app
    response = await f(request)
               ^^^^^^^^^^^^^^^^
  File "C:\Users\sarth\AppData\Roaming\Python\Python314\site-packages\fastapi\routing.py", line 674, in app
    raw_response = await run_endpoint_function(
                   ^^^^^^^^^^^^^^^^^^^^^^^^^^^^
    ...<3 lines>...
    )
    ^
  File "C:\Users\sarth\AppData\Roaming\Python\Python314\site-packages\fastapi\routing.py", line 328, in run_endpoint_function
    return await dependant.call(**values)
           ^^^^^^^^^^^^^^^^^^^^^^^^^^^^^^
  File "C:\Users\sarth\OneDrive\Desktop\JBooks\CarbonSense\backend\app\api\endpoints\drift.py", line 31, in get_drift_status
    return DriftStatusResponse(
        drift_detected=False,
    ...<3 lines>...
        adwin_width=32
    )
  File "C:\Users\sarth\AppData\Roaming\Python\Python314\site-packages\pydantic\main.py", line 263, in __init__
    validated_self = self.__pydantic_validator__.validate_python(data, self_instance=self)
pydantic_core._pydantic_core.ValidationError: 1 validation error for DriftStatusResponse
last_alarm_at
  Input should be a valid string [type=string_type, input_value=None, input_type=NoneType]
    For further information visit https://errors.pydantic.dev/2.13/v/string_type

2026-05-07 20:02:01,242 - root - ERROR - Error handling request http://127.0.0.1:8000/api/v1/drift/status: 1 validation error for DriftStatusResponse
last_alarm_at
  Input should be a valid string [type=string_type, input_value=None, input_type=NoneType]
    For further information visit https://errors.pydantic.dev/2.13/v/string_type
2026-05-07 20:02:01,247 - root - ERROR - Traceback (most recent call last):
  File "C:\Users\sarth\OneDrive\Desktop\JBooks\CarbonSense\backend\app\main.py", line 26, in log_errors_middleware
    return await call_next(request)
           ^^^^^^^^^^^^^^^^^^^^^^^^
  File "C:\Users\sarth\AppData\Roaming\Python\Python314\site-packages\starlette\middleware\base.py", line 168, in call_next
    raise app_exc from app_exc.__cause__ or app_exc.__context__
  File "C:\Users\sarth\AppData\Roaming\Python\Python314\site-packages\starlette\middleware\base.py", line 144, in coro
    await self.app(scope, receive_or_disconnect, send_no_error)
  File "C:\Users\sarth\AppData\Roaming\Python\Python314\site-packages\starlette\middleware\exceptions.py", line 63, in __call__
    await wrap_app_handling_exceptions(self.app, conn)(scope, receive, send)
  File "C:\Users\sarth\AppData\Roaming\Python\Python314\site-packages\starlette\_exception_handler.py", line 53, in wrapped_app
    raise exc
  File "C:\Users\sarth\AppData\Roaming\Python\Python314\site-packages\starlette\_exception_handler.py", line 42, in wrapped_app
    await app(scope, receive, sender)
  File "C:\Users\sarth\AppData\Roaming\Python\Python314\site-packages\fastapi\middleware\asyncexitstack.py", line 18, in __call__
    await self.app(scope, receive, send)
  File "C:\Users\sarth\AppData\Roaming\Python\Python314\site-packages\starlette\routing.py", line 660, in __call__
    await self.middleware_stack(scope, receive, send)
  File "C:\Users\sarth\AppData\Roaming\Python\Python314\site-packages\starlette\routing.py", line 680, in app
    await route.handle(scope, receive, send)
  File "C:\Users\sarth\AppData\Roaming\Python\Python314\site-packages\starlette\routing.py", line 276, in handle
    await self.app(scope, receive, send)
  File "C:\Users\sarth\AppData\Roaming\Python\Python314\site-packages\fastapi\routing.py", line 134, in app
    await wrap_app_handling_exceptions(app, request)(scope, receive, send)
  File "C:\Users\sarth\AppData\Roaming\Python\Python314\site-packages\starlette\_exception_handler.py", line 53, in wrapped_app
    raise exc
  File "C:\Users\sarth\AppData\Roaming\Python\Python314\site-packages\starlette\_exception_handler.py", line 42, in wrapped_app
    await app(scope, receive, sender)
  File "C:\Users\sarth\AppData\Roaming\Python\Python314\site-packages\fastapi\routing.py", line 120, in app
    response = await f(request)
               ^^^^^^^^^^^^^^^^
  File "C:\Users\sarth\AppData\Roaming\Python\Python314\site-packages\fastapi\routing.py", line 674, in app
    raw_response = await run_endpoint_function(
                   ^^^^^^^^^^^^^^^^^^^^^^^^^^^^
    ...<3 lines>...
    )
    ^
  File "C:\Users\sarth\AppData\Roaming\Python\Python314\site-packages\fastapi\routing.py", line 328, in run_endpoint_function
    return await dependant.call(**values)
           ^^^^^^^^^^^^^^^^^^^^^^^^^^^^^^
  File "C:\Users\sarth\OneDrive\Desktop\JBooks\CarbonSense\backend\app\api\endpoints\drift.py", line 31, in get_drift_status
    return DriftStatusResponse(
        drift_detected=False,
    ...<3 lines>...
        adwin_width=32
    )
  File "C:\Users\sarth\AppData\Roaming\Python\Python314\site-packages\pydantic\main.py", line 263, in __init__
    validated_self = self.__pydantic_validator__.validate_python(data, self_instance=self)
pydantic_core._pydantic_core.ValidationError: 1 validation error for DriftStatusResponse
last_alarm_at
  Input should be a valid string [type=string_type, input_value=None, input_type=NoneType]
    For further information visit https://errors.pydantic.dev/2.13/v/string_type

2026-05-07 20:02:01,295 - root - ERROR - Error handling request http://127.0.0.1:8000/api/v1/drift/status: 1 validation error for DriftStatusResponse
last_alarm_at
  Input should be a valid string [type=string_type, input_value=None, input_type=NoneType]
    For further information visit https://errors.pydantic.dev/2.13/v/string_type
2026-05-07 20:02:01,300 - root - ERROR - Traceback (most recent call last):
  File "C:\Users\sarth\OneDrive\Desktop\JBooks\CarbonSense\backend\app\main.py", line 26, in log_errors_middleware
    return await call_next(request)
           ^^^^^^^^^^^^^^^^^^^^^^^^
  File "C:\Users\sarth\AppData\Roaming\Python\Python314\site-packages\starlette\middleware\base.py", line 168, in call_next
    raise app_exc from app_exc.__cause__ or app_exc.__context__
  File "C:\Users\sarth\AppData\Roaming\Python\Python314\site-packages\starlette\middleware\base.py", line 144, in coro
    await self.app(scope, receive_or_disconnect, send_no_error)
  File "C:\Users\sarth\AppData\Roaming\Python\Python314\site-packages\starlette\middleware\exceptions.py", line 63, in __call__
    await wrap_app_handling_exceptions(self.app, conn)(scope, receive, send)
  File "C:\Users\sarth\AppData\Roaming\Python\Python314\site-packages\starlette\_exception_handler.py", line 53, in wrapped_app
    raise exc
  File "C:\Users\sarth\AppData\Roaming\Python\Python314\site-packages\starlette\_exception_handler.py", line 42, in wrapped_app
    await app(scope, receive, sender)
  File "C:\Users\sarth\AppData\Roaming\Python\Python314\site-packages\fastapi\middleware\asyncexitstack.py", line 18, in __call__
    await self.app(scope, receive, send)
  File "C:\Users\sarth\AppData\Roaming\Python\Python314\site-packages\starlette\routing.py", line 660, in __call__
    await self.middleware_stack(scope, receive, send)
  File "C:\Users\sarth\AppData\Roaming\Python\Python314\site-packages\starlette\routing.py", line 680, in app
    await route.handle(scope, receive, send)
  File "C:\Users\sarth\AppData\Roaming\Python\Python314\site-packages\starlette\routing.py", line 276, in handle
    await self.app(scope, receive, send)
  File "C:\Users\sarth\AppData\Roaming\Python\Python314\site-packages\fastapi\routing.py", line 134, in app
    await wrap_app_handling_exceptions(app, request)(scope, receive, send)
  File "C:\Users\sarth\AppData\Roaming\Python\Python314\site-packages\starlette\_exception_handler.py", line 53, in wrapped_app
    raise exc
  File "C:\Users\sarth\AppData\Roaming\Python\Python314\site-packages\starlette\_exception_handler.py", line 42, in wrapped_app
    await app(scope, receive, sender)
  File "C:\Users\sarth\AppData\Roaming\Python\Python314\site-packages\fastapi\routing.py", line 120, in app
    response = await f(request)
               ^^^^^^^^^^^^^^^^
  File "C:\Users\sarth\AppData\Roaming\Python\Python314\site-packages\fastapi\routing.py", line 674, in app
    raw_response = await run_endpoint_function(
                   ^^^^^^^^^^^^^^^^^^^^^^^^^^^^
    ...<3 lines>...
    )
    ^
  File "C:\Users\sarth\AppData\Roaming\Python\Python314\site-packages\fastapi\routing.py", line 328, in run_endpoint_function
    return await dependant.call(**values)
           ^^^^^^^^^^^^^^^^^^^^^^^^^^^^^^
  File "C:\Users\sarth\OneDrive\Desktop\JBooks\CarbonSense\backend\app\api\endpoints\drift.py", line 31, in get_drift_status
    return DriftStatusResponse(
        drift_detected=False,
    ...<3 lines>...
        adwin_width=32
    )
  File "C:\Users\sarth\AppData\Roaming\Python\Python314\site-packages\pydantic\main.py", line 263, in __init__
    validated_self = self.__pydantic_validator__.validate_python(data, self_instance=self)
pydantic_core._pydantic_core.ValidationError: 1 validation error for DriftStatusResponse
last_alarm_at
  Input should be a valid string [type=string_type, input_value=None, input_type=NoneType]
    For further information visit https://errors.pydantic.dev/2.13/v/string_type

2026-05-07 20:02:01,320 - root - ERROR - Error handling request http://127.0.0.1:8000/api/v1/drift/status: 1 validation error for DriftStatusResponse
last_alarm_at
  Input should be a valid string [type=string_type, input_value=None, input_type=NoneType]
    For further information visit https://errors.pydantic.dev/2.13/v/string_type
2026-05-07 20:02:01,326 - root - ERROR - Traceback (most recent call last):
  File "C:\Users\sarth\OneDrive\Desktop\JBooks\CarbonSense\backend\app\main.py", line 26, in log_errors_middleware
    return await call_next(request)
           ^^^^^^^^^^^^^^^^^^^^^^^^
  File "C:\Users\sarth\AppData\Roaming\Python\Python314\site-packages\starlette\middleware\base.py", line 168, in call_next
    raise app_exc from app_exc.__cause__ or app_exc.__context__
  File "C:\Users\sarth\AppData\Roaming\Python\Python314\site-packages\starlette\middleware\base.py", line 144, in coro
    await self.app(scope, receive_or_disconnect, send_no_error)
  File "C:\Users\sarth\AppData\Roaming\Python\Python314\site-packages\starlette\middleware\exceptions.py", line 63, in __call__
    await wrap_app_handling_exceptions(self.app, conn)(scope, receive, send)
  File "C:\Users\sarth\AppData\Roaming\Python\Python314\site-packages\starlette\_exception_handler.py", line 53, in wrapped_app
    raise exc
  File "C:\Users\sarth\AppData\Roaming\Python\Python314\site-packages\starlette\_exception_handler.py", line 42, in wrapped_app
    await app(scope, receive, sender)
  File "C:\Users\sarth\AppData\Roaming\Python\Python314\site-packages\fastapi\middleware\asyncexitstack.py", line 18, in __call__
    await self.app(scope, receive, send)
  File "C:\Users\sarth\AppData\Roaming\Python\Python314\site-packages\starlette\routing.py", line 660, in __call__
    await self.middleware_stack(scope, receive, send)
  File "C:\Users\sarth\AppData\Roaming\Python\Python314\site-packages\starlette\routing.py", line 680, in app
    await route.handle(scope, receive, send)
  File "C:\Users\sarth\AppData\Roaming\Python\Python314\site-packages\starlette\routing.py", line 276, in handle
    await self.app(scope, receive, send)
  File "C:\Users\sarth\AppData\Roaming\Python\Python314\site-packages\fastapi\routing.py", line 134, in app
    await wrap_app_handling_exceptions(app, request)(scope, receive, send)
  File "C:\Users\sarth\AppData\Roaming\Python\Python314\site-packages\starlette\_exception_handler.py", line 53, in wrapped_app
    raise exc
  File "C:\Users\sarth\AppData\Roaming\Python\Python314\site-packages\starlette\_exception_handler.py", line 42, in wrapped_app
    await app(scope, receive, sender)
  File "C:\Users\sarth\AppData\Roaming\Python\Python314\site-packages\fastapi\routing.py", line 120, in app
    response = await f(request)
               ^^^^^^^^^^^^^^^^
  File "C:\Users\sarth\AppData\Roaming\Python\Python314\site-packages\fastapi\routing.py", line 674, in app
    raw_response = await run_endpoint_function(
                   ^^^^^^^^^^^^^^^^^^^^^^^^^^^^
    ...<3 lines>...
    )
    ^
  File "C:\Users\sarth\AppData\Roaming\Python\Python314\site-packages\fastapi\routing.py", line 328, in run_endpoint_function
    return await dependant.call(**values)
           ^^^^^^^^^^^^^^^^^^^^^^^^^^^^^^
  File "C:\Users\sarth\OneDrive\Desktop\JBooks\CarbonSense\backend\app\api\endpoints\drift.py", line 31, in get_drift_status
    return DriftStatusResponse(
        drift_detected=False,
    ...<3 lines>...
        adwin_width=32
    )
  File "C:\Users\sarth\AppData\Roaming\Python\Python314\site-packages\pydantic\main.py", line 263, in __init__
    validated_self = self.__pydantic_validator__.validate_python(data, self_instance=self)
pydantic_core._pydantic_core.ValidationError: 1 validation error for DriftStatusResponse
last_alarm_at
  Input should be a valid string [type=string_type, input_value=None, input_type=NoneType]
    For further information visit https://errors.pydantic.dev/2.13/v/string_type

2026-05-07 20:02:05,139 - root - ERROR - Error handling request http://127.0.0.1:8000/api/v1/drift/status: 1 validation error for DriftStatusResponse
last_alarm_at
  Input should be a valid string [type=string_type, input_value=None, input_type=NoneType]
    For further information visit https://errors.pydantic.dev/2.13/v/string_type
2026-05-07 20:02:05,147 - root - ERROR - Traceback (most recent call last):
  File "C:\Users\sarth\OneDrive\Desktop\JBooks\CarbonSense\backend\app\main.py", line 26, in log_errors_middleware
    return await call_next(request)
           ^^^^^^^^^^^^^^^^^^^^^^^^
  File "C:\Users\sarth\AppData\Roaming\Python\Python314\site-packages\starlette\middleware\base.py", line 168, in call_next
    raise app_exc from app_exc.__cause__ or app_exc.__context__
  File "C:\Users\sarth\AppData\Roaming\Python\Python314\site-packages\starlette\middleware\base.py", line 144, in coro
    await self.app(scope, receive_or_disconnect, send_no_error)
  File "C:\Users\sarth\AppData\Roaming\Python\Python314\site-packages\starlette\middleware\exceptions.py", line 63, in __call__
    await wrap_app_handling_exceptions(self.app, conn)(scope, receive, send)
  File "C:\Users\sarth\AppData\Roaming\Python\Python314\site-packages\starlette\_exception_handler.py", line 53, in wrapped_app
    raise exc
  File "C:\Users\sarth\AppData\Roaming\Python\Python314\site-packages\starlette\_exception_handler.py", line 42, in wrapped_app
    await app(scope, receive, sender)
  File "C:\Users\sarth\AppData\Roaming\Python\Python314\site-packages\fastapi\middleware\asyncexitstack.py", line 18, in __call__
    await self.app(scope, receive, send)
  File "C:\Users\sarth\AppData\Roaming\Python\Python314\site-packages\starlette\routing.py", line 660, in __call__
    await self.middleware_stack(scope, receive, send)
  File "C:\Users\sarth\AppData\Roaming\Python\Python314\site-packages\starlette\routing.py", line 680, in app
    await route.handle(scope, receive, send)
  File "C:\Users\sarth\AppData\Roaming\Python\Python314\site-packages\starlette\routing.py", line 276, in handle
    await self.app(scope, receive, send)
  File "C:\Users\sarth\AppData\Roaming\Python\Python314\site-packages\fastapi\routing.py", line 134, in app
    await wrap_app_handling_exceptions(app, request)(scope, receive, send)
  File "C:\Users\sarth\AppData\Roaming\Python\Python314\site-packages\starlette\_exception_handler.py", line 53, in wrapped_app
    raise exc
  File "C:\Users\sarth\AppData\Roaming\Python\Python314\site-packages\starlette\_exception_handler.py", line 42, in wrapped_app
    await app(scope, receive, sender)
  File "C:\Users\sarth\AppData\Roaming\Python\Python314\site-packages\fastapi\routing.py", line 120, in app
    response = await f(request)
               ^^^^^^^^^^^^^^^^
  File "C:\Users\sarth\AppData\Roaming\Python\Python314\site-packages\fastapi\routing.py", line 674, in app
    raw_response = await run_endpoint_function(
                   ^^^^^^^^^^^^^^^^^^^^^^^^^^^^
    ...<3 lines>...
    )
    ^
  File "C:\Users\sarth\AppData\Roaming\Python\Python314\site-packages\fastapi\routing.py", line 328, in run_endpoint_function
    return await dependant.call(**values)
           ^^^^^^^^^^^^^^^^^^^^^^^^^^^^^^
  File "C:\Users\sarth\OneDrive\Desktop\JBooks\CarbonSense\backend\app\api\endpoints\drift.py", line 31, in get_drift_status
    return DriftStatusResponse(
        drift_detected=False,
    ...<3 lines>...
        adwin_width=32
    )
  File "C:\Users\sarth\AppData\Roaming\Python\Python314\site-packages\pydantic\main.py", line 263, in __init__
    validated_self = self.__pydantic_validator__.validate_python(data, self_instance=self)
pydantic_core._pydantic_core.ValidationError: 1 validation error for DriftStatusResponse
last_alarm_at
  Input should be a valid string [type=string_type, input_value=None, input_type=NoneType]
    For further information visit https://errors.pydantic.dev/2.13/v/string_type

2026-05-07 20:02:06,339 - root - ERROR - Error handling request http://127.0.0.1:8000/api/v1/drift/status: 1 validation error for DriftStatusResponse
last_alarm_at
  Input should be a valid string [type=string_type, input_value=None, input_type=NoneType]
    For further information visit https://errors.pydantic.dev/2.13/v/string_type
2026-05-07 20:02:06,344 - root - ERROR - Traceback (most recent call last):
  File "C:\Users\sarth\OneDrive\Desktop\JBooks\CarbonSense\backend\app\main.py", line 26, in log_errors_middleware
    return await call_next(request)
           ^^^^^^^^^^^^^^^^^^^^^^^^
  File "C:\Users\sarth\AppData\Roaming\Python\Python314\site-packages\starlette\middleware\base.py", line 168, in call_next
    raise app_exc from app_exc.__cause__ or app_exc.__context__
  File "C:\Users\sarth\AppData\Roaming\Python\Python314\site-packages\starlette\middleware\base.py", line 144, in coro
    await self.app(scope, receive_or_disconnect, send_no_error)
  File "C:\Users\sarth\AppData\Roaming\Python\Python314\site-packages\starlette\middleware\exceptions.py", line 63, in __call__
    await wrap_app_handling_exceptions(self.app, conn)(scope, receive, send)
  File "C:\Users\sarth\AppData\Roaming\Python\Python314\site-packages\starlette\_exception_handler.py", line 53, in wrapped_app
    raise exc
  File "C:\Users\sarth\AppData\Roaming\Python\Python314\site-packages\starlette\_exception_handler.py", line 42, in wrapped_app
    await app(scope, receive, sender)
  File "C:\Users\sarth\AppData\Roaming\Python\Python314\site-packages\fastapi\middleware\asyncexitstack.py", line 18, in __call__
    await self.app(scope, receive, send)
  File "C:\Users\sarth\AppData\Roaming\Python\Python314\site-packages\starlette\routing.py", line 660, in __call__
    await self.middleware_stack(scope, receive, send)
  File "C:\Users\sarth\AppData\Roaming\Python\Python314\site-packages\starlette\routing.py", line 680, in app
    await route.handle(scope, receive, send)
  File "C:\Users\sarth\AppData\Roaming\Python\Python314\site-packages\starlette\routing.py", line 276, in handle
    await self.app(scope, receive, send)
  File "C:\Users\sarth\AppData\Roaming\Python\Python314\site-packages\fastapi\routing.py", line 134, in app
    await wrap_app_handling_exceptions(app, request)(scope, receive, send)
  File "C:\Users\sarth\AppData\Roaming\Python\Python314\site-packages\starlette\_exception_handler.py", line 53, in wrapped_app
    raise exc
  File "C:\Users\sarth\AppData\Roaming\Python\Python314\site-packages\starlette\_exception_handler.py", line 42, in wrapped_app
    await app(scope, receive, sender)
  File "C:\Users\sarth\AppData\Roaming\Python\Python314\site-packages\fastapi\routing.py", line 120, in app
    response = await f(request)
               ^^^^^^^^^^^^^^^^
  File "C:\Users\sarth\AppData\Roaming\Python\Python314\site-packages\fastapi\routing.py", line 674, in app
    raw_response = await run_endpoint_function(
                   ^^^^^^^^^^^^^^^^^^^^^^^^^^^^
    ...<3 lines>...
    )
    ^
  File "C:\Users\sarth\AppData\Roaming\Python\Python314\site-packages\fastapi\routing.py", line 328, in run_endpoint_function
    return await dependant.call(**values)
           ^^^^^^^^^^^^^^^^^^^^^^^^^^^^^^
  File "C:\Users\sarth\OneDrive\Desktop\JBooks\CarbonSense\backend\app\api\endpoints\drift.py", line 31, in get_drift_status
    return DriftStatusResponse(
        drift_detected=False,
    ...<3 lines>...
        adwin_width=32
    )
  File "C:\Users\sarth\AppData\Roaming\Python\Python314\site-packages\pydantic\main.py", line 263, in __init__
    validated_self = self.__pydantic_validator__.validate_python(data, self_instance=self)
pydantic_core._pydantic_core.ValidationError: 1 validation error for DriftStatusResponse
last_alarm_at
  Input should be a valid string [type=string_type, input_value=None, input_type=NoneType]
    For further information visit https://errors.pydantic.dev/2.13/v/string_type

2026-05-07 20:02:06,743 - root - ERROR - Error handling request http://127.0.0.1:8000/api/v1/drift/status: 1 validation error for DriftStatusResponse
last_alarm_at
  Input should be a valid string [type=string_type, input_value=None, input_type=NoneType]
    For further information visit https://errors.pydantic.dev/2.13/v/string_type
2026-05-07 20:02:06,759 - root - ERROR - Traceback (most recent call last):
  File "C:\Users\sarth\OneDrive\Desktop\JBooks\CarbonSense\backend\app\main.py", line 26, in log_errors_middleware
    return await call_next(request)
           ^^^^^^^^^^^^^^^^^^^^^^^^
  File "C:\Users\sarth\AppData\Roaming\Python\Python314\site-packages\starlette\middleware\base.py", line 168, in call_next
    raise app_exc from app_exc.__cause__ or app_exc.__context__
  File "C:\Users\sarth\AppData\Roaming\Python\Python314\site-packages\starlette\middleware\base.py", line 144, in coro
    await self.app(scope, receive_or_disconnect, send_no_error)
  File "C:\Users\sarth\AppData\Roaming\Python\Python314\site-packages\starlette\middleware\exceptions.py", line 63, in __call__
    await wrap_app_handling_exceptions(self.app, conn)(scope, receive, send)
  File "C:\Users\sarth\AppData\Roaming\Python\Python314\site-packages\starlette\_exception_handler.py", line 53, in wrapped_app
    raise exc
  File "C:\Users\sarth\AppData\Roaming\Python\Python314\site-packages\starlette\_exception_handler.py", line 42, in wrapped_app
    await app(scope, receive, sender)
  File "C:\Users\sarth\AppData\Roaming\Python\Python314\site-packages\fastapi\middleware\asyncexitstack.py", line 18, in __call__
    await self.app(scope, receive, send)
  File "C:\Users\sarth\AppData\Roaming\Python\Python314\site-packages\starlette\routing.py", line 660, in __call__
    await self.middleware_stack(scope, receive, send)
  File "C:\Users\sarth\AppData\Roaming\Python\Python314\site-packages\starlette\routing.py", line 680, in app
    await route.handle(scope, receive, send)
  File "C:\Users\sarth\AppData\Roaming\Python\Python314\site-packages\starlette\routing.py", line 276, in handle
    await self.app(scope, receive, send)
  File "C:\Users\sarth\AppData\Roaming\Python\Python314\site-packages\fastapi\routing.py", line 134, in app
    await wrap_app_handling_exceptions(app, request)(scope, receive, send)
  File "C:\Users\sarth\AppData\Roaming\Python\Python314\site-packages\starlette\_exception_handler.py", line 53, in wrapped_app
    raise exc
  File "C:\Users\sarth\AppData\Roaming\Python\Python314\site-packages\starlette\_exception_handler.py", line 42, in wrapped_app
    await app(scope, receive, sender)
  File "C:\Users\sarth\AppData\Roaming\Python\Python314\site-packages\fastapi\routing.py", line 120, in app
    response = await f(request)
               ^^^^^^^^^^^^^^^^
  File "C:\Users\sarth\AppData\Roaming\Python\Python314\site-packages\fastapi\routing.py", line 674, in app
    raw_response = await run_endpoint_function(
                   ^^^^^^^^^^^^^^^^^^^^^^^^^^^^
    ...<3 lines>...
    )
    ^
  File "C:\Users\sarth\AppData\Roaming\Python\Python314\site-packages\fastapi\routing.py", line 328, in run_endpoint_function
    return await dependant.call(**values)
           ^^^^^^^^^^^^^^^^^^^^^^^^^^^^^^
  File "C:\Users\sarth\OneDrive\Desktop\JBooks\CarbonSense\backend\app\api\endpoints\drift.py", line 31, in get_drift_status
    return DriftStatusResponse(
        drift_detected=False,
    ...<3 lines>...
        adwin_width=32
    )
  File "C:\Users\sarth\AppData\Roaming\Python\Python314\site-packages\pydantic\main.py", line 263, in __init__
    validated_self = self.__pydantic_validator__.validate_python(data, self_instance=self)
pydantic_core._pydantic_core.ValidationError: 1 validation error for DriftStatusResponse
last_alarm_at
  Input should be a valid string [type=string_type, input_value=None, input_type=NoneType]
    For further information visit https://errors.pydantic.dev/2.13/v/string_type

2026-05-07 20:02:07,578 - root - ERROR - Error handling request http://127.0.0.1:8000/api/v1/drift/status: 1 validation error for DriftStatusResponse
last_alarm_at
  Input should be a valid string [type=string_type, input_value=None, input_type=NoneType]
    For further information visit https://errors.pydantic.dev/2.13/v/string_type
2026-05-07 20:02:07,645 - root - ERROR - Traceback (most recent call last):
  File "C:\Users\sarth\OneDrive\Desktop\JBooks\CarbonSense\backend\app\main.py", line 26, in log_errors_middleware
    return await call_next(request)
           ^^^^^^^^^^^^^^^^^^^^^^^^
  File "C:\Users\sarth\AppData\Roaming\Python\Python314\site-packages\starlette\middleware\base.py", line 168, in call_next
    raise app_exc from app_exc.__cause__ or app_exc.__context__
  File "C:\Users\sarth\AppData\Roaming\Python\Python314\site-packages\starlette\middleware\base.py", line 144, in coro
    await self.app(scope, receive_or_disconnect, send_no_error)
  File "C:\Users\sarth\AppData\Roaming\Python\Python314\site-packages\starlette\middleware\exceptions.py", line 63, in __call__
    await wrap_app_handling_exceptions(self.app, conn)(scope, receive, send)
  File "C:\Users\sarth\AppData\Roaming\Python\Python314\site-packages\starlette\_exception_handler.py", line 53, in wrapped_app
    raise exc
  File "C:\Users\sarth\AppData\Roaming\Python\Python314\site-packages\starlette\_exception_handler.py", line 42, in wrapped_app
    await app(scope, receive, sender)
  File "C:\Users\sarth\AppData\Roaming\Python\Python314\site-packages\fastapi\middleware\asyncexitstack.py", line 18, in __call__
    await self.app(scope, receive, send)
  File "C:\Users\sarth\AppData\Roaming\Python\Python314\site-packages\starlette\routing.py", line 660, in __call__
    await self.middleware_stack(scope, receive, send)
  File "C:\Users\sarth\AppData\Roaming\Python\Python314\site-packages\starlette\routing.py", line 680, in app
    await route.handle(scope, receive, send)
  File "C:\Users\sarth\AppData\Roaming\Python\Python314\site-packages\starlette\routing.py", line 276, in handle
    await self.app(scope, receive, send)
  File "C:\Users\sarth\AppData\Roaming\Python\Python314\site-packages\fastapi\routing.py", line 134, in app
    await wrap_app_handling_exceptions(app, request)(scope, receive, send)
  File "C:\Users\sarth\AppData\Roaming\Python\Python314\site-packages\starlette\_exception_handler.py", line 53, in wrapped_app
    raise exc
  File "C:\Users\sarth\AppData\Roaming\Python\Python314\site-packages\starlette\_exception_handler.py", line 42, in wrapped_app
    await app(scope, receive, sender)
  File "C:\Users\sarth\AppData\Roaming\Python\Python314\site-packages\fastapi\routing.py", line 120, in app
    response = await f(request)
               ^^^^^^^^^^^^^^^^
  File "C:\Users\sarth\AppData\Roaming\Python\Python314\site-packages\fastapi\routing.py", line 674, in app
    raw_response = await run_endpoint_function(
                   ^^^^^^^^^^^^^^^^^^^^^^^^^^^^
    ...<3 lines>...
    )
    ^
  File "C:\Users\sarth\AppData\Roaming\Python\Python314\site-packages\fastapi\routing.py", line 328, in run_endpoint_function
    return await dependant.call(**values)
           ^^^^^^^^^^^^^^^^^^^^^^^^^^^^^^
  File "C:\Users\sarth\OneDrive\Desktop\JBooks\CarbonSense\backend\app\api\endpoints\drift.py", line 31, in get_drift_status
    return DriftStatusResponse(
        drift_detected=False,
    ...<3 lines>...
        adwin_width=32
    )
  File "C:\Users\sarth\AppData\Roaming\Python\Python314\site-packages\pydantic\main.py", line 263, in __init__
    validated_self = self.__pydantic_validator__.validate_python(data, self_instance=self)
pydantic_core._pydantic_core.ValidationError: 1 validation error for DriftStatusResponse
last_alarm_at
  Input should be a valid string [type=string_type, input_value=None, input_type=NoneType]
    For further information visit https://errors.pydantic.dev/2.13/v/string_type

2026-05-07 20:02:08,186 - root - ERROR - Error handling request http://127.0.0.1:8000/api/v1/drift/status: 1 validation error for DriftStatusResponse
last_alarm_at
  Input should be a valid string [type=string_type, input_value=None, input_type=NoneType]
    For further information visit https://errors.pydantic.dev/2.13/v/string_type
2026-05-07 20:02:08,204 - root - ERROR - Traceback (most recent call last):
  File "C:\Users\sarth\OneDrive\Desktop\JBooks\CarbonSense\backend\app\main.py", line 26, in log_errors_middleware
    return await call_next(request)
           ^^^^^^^^^^^^^^^^^^^^^^^^
  File "C:\Users\sarth\AppData\Roaming\Python\Python314\site-packages\starlette\middleware\base.py", line 168, in call_next
    raise app_exc from app_exc.__cause__ or app_exc.__context__
  File "C:\Users\sarth\AppData\Roaming\Python\Python314\site-packages\starlette\middleware\base.py", line 144, in coro
    await self.app(scope, receive_or_disconnect, send_no_error)
  File "C:\Users\sarth\AppData\Roaming\Python\Python314\site-packages\starlette\middleware\exceptions.py", line 63, in __call__
    await wrap_app_handling_exceptions(self.app, conn)(scope, receive, send)
  File "C:\Users\sarth\AppData\Roaming\Python\Python314\site-packages\starlette\_exception_handler.py", line 53, in wrapped_app
    raise exc
  File "C:\Users\sarth\AppData\Roaming\Python\Python314\site-packages\starlette\_exception_handler.py", line 42, in wrapped_app
    await app(scope, receive, sender)
  File "C:\Users\sarth\AppData\Roaming\Python\Python314\site-packages\fastapi\middleware\asyncexitstack.py", line 18, in __call__
    await self.app(scope, receive, send)
  File "C:\Users\sarth\AppData\Roaming\Python\Python314\site-packages\starlette\routing.py", line 660, in __call__
    await self.middleware_stack(scope, receive, send)
  File "C:\Users\sarth\AppData\Roaming\Python\Python314\site-packages\starlette\routing.py", line 680, in app
    await route.handle(scope, receive, send)
  File "C:\Users\sarth\AppData\Roaming\Python\Python314\site-packages\starlette\routing.py", line 276, in handle
    await self.app(scope, receive, send)
  File "C:\Users\sarth\AppData\Roaming\Python\Python314\site-packages\fastapi\routing.py", line 134, in app
    await wrap_app_handling_exceptions(app, request)(scope, receive, send)
  File "C:\Users\sarth\AppData\Roaming\Python\Python314\site-packages\starlette\_exception_handler.py", line 53, in wrapped_app
    raise exc
  File "C:\Users\sarth\AppData\Roaming\Python\Python314\site-packages\starlette\_exception_handler.py", line 42, in wrapped_app
    await app(scope, receive, sender)
  File "C:\Users\sarth\AppData\Roaming\Python\Python314\site-packages\fastapi\routing.py", line 120, in app
    response = await f(request)
               ^^^^^^^^^^^^^^^^
  File "C:\Users\sarth\AppData\Roaming\Python\Python314\site-packages\fastapi\routing.py", line 674, in app
    raw_response = await run_endpoint_function(
                   ^^^^^^^^^^^^^^^^^^^^^^^^^^^^
    ...<3 lines>...
    )
    ^
  File "C:\Users\sarth\AppData\Roaming\Python\Python314\site-packages\fastapi\routing.py", line 328, in run_endpoint_function
    return await dependant.call(**values)
           ^^^^^^^^^^^^^^^^^^^^^^^^^^^^^^
  File "C:\Users\sarth\OneDrive\Desktop\JBooks\CarbonSense\backend\app\api\endpoints\drift.py", line 31, in get_drift_status
    return DriftStatusResponse(
        drift_detected=False,
    ...<3 lines>...
        adwin_width=32
    )
  File "C:\Users\sarth\AppData\Roaming\Python\Python314\site-packages\pydantic\main.py", line 263, in __init__
    validated_self = self.__pydantic_validator__.validate_python(data, self_instance=self)
pydantic_core._pydantic_core.ValidationError: 1 validation error for DriftStatusResponse
last_alarm_at
  Input should be a valid string [type=string_type, input_value=None, input_type=NoneType]
    For further information visit https://errors.pydantic.dev/2.13/v/string_type

2026-05-07 20:02:08,621 - root - ERROR - Error handling request http://127.0.0.1:8000/api/v1/drift/status: 1 validation error for DriftStatusResponse
last_alarm_at
  Input should be a valid string [type=string_type, input_value=None, input_type=NoneType]
    For further information visit https://errors.pydantic.dev/2.13/v/string_type
2026-05-07 20:02:08,735 - root - ERROR - Traceback (most recent call last):
  File "C:\Users\sarth\OneDrive\Desktop\JBooks\CarbonSense\backend\app\main.py", line 26, in log_errors_middleware
    return await call_next(request)
           ^^^^^^^^^^^^^^^^^^^^^^^^
  File "C:\Users\sarth\AppData\Roaming\Python\Python314\site-packages\starlette\middleware\base.py", line 168, in call_next
    raise app_exc from app_exc.__cause__ or app_exc.__context__
  File "C:\Users\sarth\AppData\Roaming\Python\Python314\site-packages\starlette\middleware\base.py", line 144, in coro
    await self.app(scope, receive_or_disconnect, send_no_error)
  File "C:\Users\sarth\AppData\Roaming\Python\Python314\site-packages\starlette\middleware\exceptions.py", line 63, in __call__
    await wrap_app_handling_exceptions(self.app, conn)(scope, receive, send)
  File "C:\Users\sarth\AppData\Roaming\Python\Python314\site-packages\starlette\_exception_handler.py", line 53, in wrapped_app
    raise exc
  File "C:\Users\sarth\AppData\Roaming\Python\Python314\site-packages\starlette\_exception_handler.py", line 42, in wrapped_app
    await app(scope, receive, sender)
  File "C:\Users\sarth\AppData\Roaming\Python\Python314\site-packages\fastapi\middleware\asyncexitstack.py", line 18, in __call__
    await self.app(scope, receive, send)
  File "C:\Users\sarth\AppData\Roaming\Python\Python314\site-packages\starlette\routing.py", line 660, in __call__
    await self.middleware_stack(scope, receive, send)
  File "C:\Users\sarth\AppData\Roaming\Python\Python314\site-packages\starlette\routing.py", line 680, in app
    await route.handle(scope, receive, send)
  File "C:\Users\sarth\AppData\Roaming\Python\Python314\site-packages\starlette\routing.py", line 276, in handle
    await self.app(scope, receive, send)
  File "C:\Users\sarth\AppData\Roaming\Python\Python314\site-packages\fastapi\routing.py", line 134, in app
    await wrap_app_handling_exceptions(app, request)(scope, receive, send)
  File "C:\Users\sarth\AppData\Roaming\Python\Python314\site-packages\starlette\_exception_handler.py", line 53, in wrapped_app
    raise exc
  File "C:\Users\sarth\AppData\Roaming\Python\Python314\site-packages\starlette\_exception_handler.py", line 42, in wrapped_app
    await app(scope, receive, sender)
  File "C:\Users\sarth\AppData\Roaming\Python\Python314\site-packages\fastapi\routing.py", line 120, in app
    response = await f(request)
               ^^^^^^^^^^^^^^^^
  File "C:\Users\sarth\AppData\Roaming\Python\Python314\site-packages\fastapi\routing.py", line 674, in app
    raw_response = await run_endpoint_function(
                   ^^^^^^^^^^^^^^^^^^^^^^^^^^^^
    ...<3 lines>...
    )
    ^
  File "C:\Users\sarth\AppData\Roaming\Python\Python314\site-packages\fastapi\routing.py", line 328, in run_endpoint_function
    return await dependant.call(**values)
           ^^^^^^^^^^^^^^^^^^^^^^^^^^^^^^
  File "C:\Users\sarth\OneDrive\Desktop\JBooks\CarbonSense\backend\app\api\endpoints\drift.py", line 31, in get_drift_status
    return DriftStatusResponse(
        drift_detected=False,
    ...<3 lines>...
        adwin_width=32
    )
  File "C:\Users\sarth\AppData\Roaming\Python\Python314\site-packages\pydantic\main.py", line 263, in __init__
    validated_self = self.__pydantic_validator__.validate_python(data, self_instance=self)
pydantic_core._pydantic_core.ValidationError: 1 validation error for DriftStatusResponse
last_alarm_at
  Input should be a valid string [type=string_type, input_value=None, input_type=NoneType]
    For further information visit https://errors.pydantic.dev/2.13/v/string_type

2026-05-07 20:02:09,040 - root - ERROR - Error handling request http://127.0.0.1:8000/api/v1/drift/status: 1 validation error for DriftStatusResponse
last_alarm_at
  Input should be a valid string [type=string_type, input_value=None, input_type=NoneType]
    For further information visit https://errors.pydantic.dev/2.13/v/string_type
2026-05-07 20:02:09,064 - root - ERROR - Traceback (most recent call last):
  File "C:\Users\sarth\OneDrive\Desktop\JBooks\CarbonSense\backend\app\main.py", line 26, in log_errors_middleware
    return await call_next(request)
           ^^^^^^^^^^^^^^^^^^^^^^^^
  File "C:\Users\sarth\AppData\Roaming\Python\Python314\site-packages\starlette\middleware\base.py", line 168, in call_next
    raise app_exc from app_exc.__cause__ or app_exc.__context__
  File "C:\Users\sarth\AppData\Roaming\Python\Python314\site-packages\starlette\middleware\base.py", line 144, in coro
    await self.app(scope, receive_or_disconnect, send_no_error)
  File "C:\Users\sarth\AppData\Roaming\Python\Python314\site-packages\starlette\middleware\exceptions.py", line 63, in __call__
    await wrap_app_handling_exceptions(self.app, conn)(scope, receive, send)
  File "C:\Users\sarth\AppData\Roaming\Python\Python314\site-packages\starlette\_exception_handler.py", line 53, in wrapped_app
    raise exc
  File "C:\Users\sarth\AppData\Roaming\Python\Python314\site-packages\starlette\_exception_handler.py", line 42, in wrapped_app
    await app(scope, receive, sender)
  File "C:\Users\sarth\AppData\Roaming\Python\Python314\site-packages\fastapi\middleware\asyncexitstack.py", line 18, in __call__
    await self.app(scope, receive, send)
  File "C:\Users\sarth\AppData\Roaming\Python\Python314\site-packages\starlette\routing.py", line 660, in __call__
    await self.middleware_stack(scope, receive, send)
  File "C:\Users\sarth\AppData\Roaming\Python\Python314\site-packages\starlette\routing.py", line 680, in app
    await route.handle(scope, receive, send)
  File "C:\Users\sarth\AppData\Roaming\Python\Python314\site-packages\starlette\routing.py", line 276, in handle
    await self.app(scope, receive, send)
  File "C:\Users\sarth\AppData\Roaming\Python\Python314\site-packages\fastapi\routing.py", line 134, in app
    await wrap_app_handling_exceptions(app, request)(scope, receive, send)
  File "C:\Users\sarth\AppData\Roaming\Python\Python314\site-packages\starlette\_exception_handler.py", line 53, in wrapped_app
    raise exc
  File "C:\Users\sarth\AppData\Roaming\Python\Python314\site-packages\starlette\_exception_handler.py", line 42, in wrapped_app
    await app(scope, receive, sender)
  File "C:\Users\sarth\AppData\Roaming\Python\Python314\site-packages\fastapi\routing.py", line 120, in app
    response = await f(request)
               ^^^^^^^^^^^^^^^^
  File "C:\Users\sarth\AppData\Roaming\Python\Python314\site-packages\fastapi\routing.py", line 674, in app
    raw_response = await run_endpoint_function(
                   ^^^^^^^^^^^^^^^^^^^^^^^^^^^^
    ...<3 lines>...
    )
    ^
  File "C:\Users\sarth\AppData\Roaming\Python\Python314\site-packages\fastapi\routing.py", line 328, in run_endpoint_function
    return await dependant.call(**values)
           ^^^^^^^^^^^^^^^^^^^^^^^^^^^^^^
  File "C:\Users\sarth\OneDrive\Desktop\JBooks\CarbonSense\backend\app\api\endpoints\drift.py", line 31, in get_drift_status
    return DriftStatusResponse(
        drift_detected=False,
    ...<3 lines>...
        adwin_width=32
    )
  File "C:\Users\sarth\AppData\Roaming\Python\Python314\site-packages\pydantic\main.py", line 263, in __init__
    validated_self = self.__pydantic_validator__.validate_python(data, self_instance=self)
pydantic_core._pydantic_core.ValidationError: 1 validation error for DriftStatusResponse
last_alarm_at
  Input should be a valid string [type=string_type, input_value=None, input_type=NoneType]
    For further information visit https://errors.pydantic.dev/2.13/v/string_type

2026-05-07 20:02:10,088 - root - ERROR - Error handling request http://127.0.0.1:8000/api/v1/drift/status: 1 validation error for DriftStatusResponse
last_alarm_at
  Input should be a valid string [type=string_type, input_value=None, input_type=NoneType]
    For further information visit https://errors.pydantic.dev/2.13/v/string_type
2026-05-07 20:02:10,151 - root - ERROR - Traceback (most recent call last):
  File "C:\Users\sarth\OneDrive\Desktop\JBooks\CarbonSense\backend\app\main.py", line 26, in log_errors_middleware
    return await call_next(request)
           ^^^^^^^^^^^^^^^^^^^^^^^^
  File "C:\Users\sarth\AppData\Roaming\Python\Python314\site-packages\starlette\middleware\base.py", line 168, in call_next
    raise app_exc from app_exc.__cause__ or app_exc.__context__
  File "C:\Users\sarth\AppData\Roaming\Python\Python314\site-packages\starlette\middleware\base.py", line 144, in coro
    await self.app(scope, receive_or_disconnect, send_no_error)
  File "C:\Users\sarth\AppData\Roaming\Python\Python314\site-packages\starlette\middleware\exceptions.py", line 63, in __call__
    await wrap_app_handling_exceptions(self.app, conn)(scope, receive, send)
  File "C:\Users\sarth\AppData\Roaming\Python\Python314\site-packages\starlette\_exception_handler.py", line 53, in wrapped_app
    raise exc
  File "C:\Users\sarth\AppData\Roaming\Python\Python314\site-packages\starlette\_exception_handler.py", line 42, in wrapped_app
    await app(scope, receive, sender)
  File "C:\Users\sarth\AppData\Roaming\Python\Python314\site-packages\fastapi\middleware\asyncexitstack.py", line 18, in __call__
    await self.app(scope, receive, send)
  File "C:\Users\sarth\AppData\Roaming\Python\Python314\site-packages\starlette\routing.py", line 660, in __call__
    await self.middleware_stack(scope, receive, send)
  File "C:\Users\sarth\AppData\Roaming\Python\Python314\site-packages\starlette\routing.py", line 680, in app
    await route.handle(scope, receive, send)
  File "C:\Users\sarth\AppData\Roaming\Python\Python314\site-packages\starlette\routing.py", line 276, in handle
    await self.app(scope, receive, send)
  File "C:\Users\sarth\AppData\Roaming\Python\Python314\site-packages\fastapi\routing.py", line 134, in app
    await wrap_app_handling_exceptions(app, request)(scope, receive, send)
  File "C:\Users\sarth\AppData\Roaming\Python\Python314\site-packages\starlette\_exception_handler.py", line 53, in wrapped_app
    raise exc
  File "C:\Users\sarth\AppData\Roaming\Python\Python314\site-packages\starlette\_exception_handler.py", line 42, in wrapped_app
    await app(scope, receive, sender)
  File "C:\Users\sarth\AppData\Roaming\Python\Python314\site-packages\fastapi\routing.py", line 120, in app
    response = await f(request)
               ^^^^^^^^^^^^^^^^
  File "C:\Users\sarth\AppData\Roaming\Python\Python314\site-packages\fastapi\routing.py", line 674, in app
    raw_response = await run_endpoint_function(
                   ^^^^^^^^^^^^^^^^^^^^^^^^^^^^
    ...<3 lines>...
    )
    ^
  File "C:\Users\sarth\AppData\Roaming\Python\Python314\site-packages\fastapi\routing.py", line 328, in run_endpoint_function
    return await dependant.call(**values)
           ^^^^^^^^^^^^^^^^^^^^^^^^^^^^^^
  File "C:\Users\sarth\OneDrive\Desktop\JBooks\CarbonSense\backend\app\api\endpoints\drift.py", line 31, in get_drift_status
    return DriftStatusResponse(
        drift_detected=False,
    ...<3 lines>...
        adwin_width=32
    )
  File "C:\Users\sarth\AppData\Roaming\Python\Python314\site-packages\pydantic\main.py", line 263, in __init__
    validated_self = self.__pydantic_validator__.validate_python(data, self_instance=self)
pydantic_core._pydantic_core.ValidationError: 1 validation error for DriftStatusResponse
last_alarm_at
  Input should be a valid string [type=string_type, input_value=None, input_type=NoneType]
    For further information visit https://errors.pydantic.dev/2.13/v/string_type

2026-05-07 20:02:15,084 - root - ERROR - Error handling request http://127.0.0.1:8000/api/v1/drift/status: 1 validation error for DriftStatusResponse
last_alarm_at
  Input should be a valid string [type=string_type, input_value=None, input_type=NoneType]
    For further information visit https://errors.pydantic.dev/2.13/v/string_type
2026-05-07 20:02:15,088 - root - ERROR - Traceback (most recent call last):
  File "C:\Users\sarth\OneDrive\Desktop\JBooks\CarbonSense\backend\app\main.py", line 26, in log_errors_middleware
    return await call_next(request)
           ^^^^^^^^^^^^^^^^^^^^^^^^
  File "C:\Users\sarth\AppData\Roaming\Python\Python314\site-packages\starlette\middleware\base.py", line 168, in call_next
    raise app_exc from app_exc.__cause__ or app_exc.__context__
  File "C:\Users\sarth\AppData\Roaming\Python\Python314\site-packages\starlette\middleware\base.py", line 144, in coro
    await self.app(scope, receive_or_disconnect, send_no_error)
  File "C:\Users\sarth\AppData\Roaming\Python\Python314\site-packages\starlette\middleware\exceptions.py", line 63, in __call__
    await wrap_app_handling_exceptions(self.app, conn)(scope, receive, send)
  File "C:\Users\sarth\AppData\Roaming\Python\Python314\site-packages\starlette\_exception_handler.py", line 53, in wrapped_app
    raise exc
  File "C:\Users\sarth\AppData\Roaming\Python\Python314\site-packages\starlette\_exception_handler.py", line 42, in wrapped_app
    await app(scope, receive, sender)
  File "C:\Users\sarth\AppData\Roaming\Python\Python314\site-packages\fastapi\middleware\asyncexitstack.py", line 18, in __call__
    await self.app(scope, receive, send)
  File "C:\Users\sarth\AppData\Roaming\Python\Python314\site-packages\starlette\routing.py", line 660, in __call__
    await self.middleware_stack(scope, receive, send)
  File "C:\Users\sarth\AppData\Roaming\Python\Python314\site-packages\starlette\routing.py", line 680, in app
    await route.handle(scope, receive, send)
  File "C:\Users\sarth\AppData\Roaming\Python\Python314\site-packages\starlette\routing.py", line 276, in handle
    await self.app(scope, receive, send)
  File "C:\Users\sarth\AppData\Roaming\Python\Python314\site-packages\fastapi\routing.py", line 134, in app
    await wrap_app_handling_exceptions(app, request)(scope, receive, send)
  File "C:\Users\sarth\AppData\Roaming\Python\Python314\site-packages\starlette\_exception_handler.py", line 53, in wrapped_app
    raise exc
  File "C:\Users\sarth\AppData\Roaming\Python\Python314\site-packages\starlette\_exception_handler.py", line 42, in wrapped_app
    await app(scope, receive, sender)
  File "C:\Users\sarth\AppData\Roaming\Python\Python314\site-packages\fastapi\routing.py", line 120, in app
    response = await f(request)
               ^^^^^^^^^^^^^^^^
  File "C:\Users\sarth\AppData\Roaming\Python\Python314\site-packages\fastapi\routing.py", line 674, in app
    raw_response = await run_endpoint_function(
                   ^^^^^^^^^^^^^^^^^^^^^^^^^^^^
    ...<3 lines>...
    )
    ^
  File "C:\Users\sarth\AppData\Roaming\Python\Python314\site-packages\fastapi\routing.py", line 328, in run_endpoint_function
    return await dependant.call(**values)
           ^^^^^^^^^^^^^^^^^^^^^^^^^^^^^^
  File "C:\Users\sarth\OneDrive\Desktop\JBooks\CarbonSense\backend\app\api\endpoints\drift.py", line 31, in get_drift_status
    return DriftStatusResponse(
        drift_detected=False,
    ...<3 lines>...
        adwin_width=32
    )
  File "C:\Users\sarth\AppData\Roaming\Python\Python314\site-packages\pydantic\main.py", line 263, in __init__
    validated_self = self.__pydantic_validator__.validate_python(data, self_instance=self)
pydantic_core._pydantic_core.ValidationError: 1 validation error for DriftStatusResponse
last_alarm_at
  Input should be a valid string [type=string_type, input_value=None, input_type=NoneType]
    For further information visit https://errors.pydantic.dev/2.13/v/string_type

2026-05-07 20:02:15,134 - root - ERROR - Error handling request http://127.0.0.1:8000/api/v1/drift/status: 1 validation error for DriftStatusResponse
last_alarm_at
  Input should be a valid string [type=string_type, input_value=None, input_type=NoneType]
    For further information visit https://errors.pydantic.dev/2.13/v/string_type
2026-05-07 20:02:15,139 - root - ERROR - Traceback (most recent call last):
  File "C:\Users\sarth\OneDrive\Desktop\JBooks\CarbonSense\backend\app\main.py", line 26, in log_errors_middleware
    return await call_next(request)
           ^^^^^^^^^^^^^^^^^^^^^^^^
  File "C:\Users\sarth\AppData\Roaming\Python\Python314\site-packages\starlette\middleware\base.py", line 168, in call_next
    raise app_exc from app_exc.__cause__ or app_exc.__context__
  File "C:\Users\sarth\AppData\Roaming\Python\Python314\site-packages\starlette\middleware\base.py", line 144, in coro
    await self.app(scope, receive_or_disconnect, send_no_error)
  File "C:\Users\sarth\AppData\Roaming\Python\Python314\site-packages\starlette\middleware\exceptions.py", line 63, in __call__
    await wrap_app_handling_exceptions(self.app, conn)(scope, receive, send)
  File "C:\Users\sarth\AppData\Roaming\Python\Python314\site-packages\starlette\_exception_handler.py", line 53, in wrapped_app
    raise exc
  File "C:\Users\sarth\AppData\Roaming\Python\Python314\site-packages\starlette\_exception_handler.py", line 42, in wrapped_app
    await app(scope, receive, sender)
  File "C:\Users\sarth\AppData\Roaming\Python\Python314\site-packages\fastapi\middleware\asyncexitstack.py", line 18, in __call__
    await self.app(scope, receive, send)
  File "C:\Users\sarth\AppData\Roaming\Python\Python314\site-packages\starlette\routing.py", line 660, in __call__
    await self.middleware_stack(scope, receive, send)
  File "C:\Users\sarth\AppData\Roaming\Python\Python314\site-packages\starlette\routing.py", line 680, in app
    await route.handle(scope, receive, send)
  File "C:\Users\sarth\AppData\Roaming\Python\Python314\site-packages\starlette\routing.py", line 276, in handle
    await self.app(scope, receive, send)
  File "C:\Users\sarth\AppData\Roaming\Python\Python314\site-packages\fastapi\routing.py", line 134, in app
    await wrap_app_handling_exceptions(app, request)(scope, receive, send)
  File "C:\Users\sarth\AppData\Roaming\Python\Python314\site-packages\starlette\_exception_handler.py", line 53, in wrapped_app
    raise exc
  File "C:\Users\sarth\AppData\Roaming\Python\Python314\site-packages\starlette\_exception_handler.py", line 42, in wrapped_app
    await app(scope, receive, sender)
  File "C:\Users\sarth\AppData\Roaming\Python\Python314\site-packages\fastapi\routing.py", line 120, in app
    response = await f(request)
               ^^^^^^^^^^^^^^^^
  File "C:\Users\sarth\AppData\Roaming\Python\Python314\site-packages\fastapi\routing.py", line 674, in app
    raw_response = await run_endpoint_function(
                   ^^^^^^^^^^^^^^^^^^^^^^^^^^^^
    ...<3 lines>...
    )
    ^
  File "C:\Users\sarth\AppData\Roaming\Python\Python314\site-packages\fastapi\routing.py", line 328, in run_endpoint_function
    return await dependant.call(**values)
           ^^^^^^^^^^^^^^^^^^^^^^^^^^^^^^
  File "C:\Users\sarth\OneDrive\Desktop\JBooks\CarbonSense\backend\app\api\endpoints\drift.py", line 31, in get_drift_status
    return DriftStatusResponse(
        drift_detected=False,
    ...<3 lines>...
        adwin_width=32
    )
  File "C:\Users\sarth\AppData\Roaming\Python\Python314\site-packages\pydantic\main.py", line 263, in __init__
    validated_self = self.__pydantic_validator__.validate_python(data, self_instance=self)
pydantic_core._pydantic_core.ValidationError: 1 validation error for DriftStatusResponse
last_alarm_at
  Input should be a valid string [type=string_type, input_value=None, input_type=NoneType]
    For further information visit https://errors.pydantic.dev/2.13/v/string_type

2026-05-07 20:02:15,160 - root - ERROR - Error handling request http://127.0.0.1:8000/api/v1/drift/status: 1 validation error for DriftStatusResponse
last_alarm_at
  Input should be a valid string [type=string_type, input_value=None, input_type=NoneType]
    For further information visit https://errors.pydantic.dev/2.13/v/string_type
2026-05-07 20:02:15,166 - root - ERROR - Traceback (most recent call last):
  File "C:\Users\sarth\OneDrive\Desktop\JBooks\CarbonSense\backend\app\main.py", line 26, in log_errors_middleware
    return await call_next(request)
           ^^^^^^^^^^^^^^^^^^^^^^^^
  File "C:\Users\sarth\AppData\Roaming\Python\Python314\site-packages\starlette\middleware\base.py", line 168, in call_next
    raise app_exc from app_exc.__cause__ or app_exc.__context__
  File "C:\Users\sarth\AppData\Roaming\Python\Python314\site-packages\starlette\middleware\base.py", line 144, in coro
    await self.app(scope, receive_or_disconnect, send_no_error)
  File "C:\Users\sarth\AppData\Roaming\Python\Python314\site-packages\starlette\middleware\exceptions.py", line 63, in __call__
    await wrap_app_handling_exceptions(self.app, conn)(scope, receive, send)
  File "C:\Users\sarth\AppData\Roaming\Python\Python314\site-packages\starlette\_exception_handler.py", line 53, in wrapped_app
    raise exc
  File "C:\Users\sarth\AppData\Roaming\Python\Python314\site-packages\starlette\_exception_handler.py", line 42, in wrapped_app
    await app(scope, receive, sender)
  File "C:\Users\sarth\AppData\Roaming\Python\Python314\site-packages\fastapi\middleware\asyncexitstack.py", line 18, in __call__
    await self.app(scope, receive, send)
  File "C:\Users\sarth\AppData\Roaming\Python\Python314\site-packages\starlette\routing.py", line 660, in __call__
    await self.middleware_stack(scope, receive, send)
  File "C:\Users\sarth\AppData\Roaming\Python\Python314\site-packages\starlette\routing.py", line 680, in app
    await route.handle(scope, receive, send)
  File "C:\Users\sarth\AppData\Roaming\Python\Python314\site-packages\starlette\routing.py", line 276, in handle
    await self.app(scope, receive, send)
  File "C:\Users\sarth\AppData\Roaming\Python\Python314\site-packages\fastapi\routing.py", line 134, in app
    await wrap_app_handling_exceptions(app, request)(scope, receive, send)
  File "C:\Users\sarth\AppData\Roaming\Python\Python314\site-packages\starlette\_exception_handler.py", line 53, in wrapped_app
    raise exc
  File "C:\Users\sarth\AppData\Roaming\Python\Python314\site-packages\starlette\_exception_handler.py", line 42, in wrapped_app
    await app(scope, receive, sender)
  File "C:\Users\sarth\AppData\Roaming\Python\Python314\site-packages\fastapi\routing.py", line 120, in app
    response = await f(request)
               ^^^^^^^^^^^^^^^^
  File "C:\Users\sarth\AppData\Roaming\Python\Python314\site-packages\fastapi\routing.py", line 674, in app
    raw_response = await run_endpoint_function(
                   ^^^^^^^^^^^^^^^^^^^^^^^^^^^^
    ...<3 lines>...
    )
    ^
  File "C:\Users\sarth\AppData\Roaming\Python\Python314\site-packages\fastapi\routing.py", line 328, in run_endpoint_function
    return await dependant.call(**values)
           ^^^^^^^^^^^^^^^^^^^^^^^^^^^^^^
  File "C:\Users\sarth\OneDrive\Desktop\JBooks\CarbonSense\backend\app\api\endpoints\drift.py", line 31, in get_drift_status
    return DriftStatusResponse(
        drift_detected=False,
    ...<3 lines>...
        adwin_width=32
    )
  File "C:\Users\sarth\AppData\Roaming\Python\Python314\site-packages\pydantic\main.py", line 263, in __init__
    validated_self = self.__pydantic_validator__.validate_python(data, self_instance=self)
pydantic_core._pydantic_core.ValidationError: 1 validation error for DriftStatusResponse
last_alarm_at
  Input should be a valid string [type=string_type, input_value=None, input_type=NoneType]
    For further information visit https://errors.pydantic.dev/2.13/v/string_type

2026-05-07 20:02:20,084 - root - ERROR - Error handling request http://127.0.0.1:8000/api/v1/drift/status: 1 validation error for DriftStatusResponse
last_alarm_at
  Input should be a valid string [type=string_type, input_value=None, input_type=NoneType]
    For further information visit https://errors.pydantic.dev/2.13/v/string_type
2026-05-07 20:02:20,088 - root - ERROR - Traceback (most recent call last):
  File "C:\Users\sarth\OneDrive\Desktop\JBooks\CarbonSense\backend\app\main.py", line 26, in log_errors_middleware
    return await call_next(request)
           ^^^^^^^^^^^^^^^^^^^^^^^^
  File "C:\Users\sarth\AppData\Roaming\Python\Python314\site-packages\starlette\middleware\base.py", line 168, in call_next
    raise app_exc from app_exc.__cause__ or app_exc.__context__
  File "C:\Users\sarth\AppData\Roaming\Python\Python314\site-packages\starlette\middleware\base.py", line 144, in coro
    await self.app(scope, receive_or_disconnect, send_no_error)
  File "C:\Users\sarth\AppData\Roaming\Python\Python314\site-packages\starlette\middleware\exceptions.py", line 63, in __call__
    await wrap_app_handling_exceptions(self.app, conn)(scope, receive, send)
  File "C:\Users\sarth\AppData\Roaming\Python\Python314\site-packages\starlette\_exception_handler.py", line 53, in wrapped_app
    raise exc
  File "C:\Users\sarth\AppData\Roaming\Python\Python314\site-packages\starlette\_exception_handler.py", line 42, in wrapped_app
    await app(scope, receive, sender)
  File "C:\Users\sarth\AppData\Roaming\Python\Python314\site-packages\fastapi\middleware\asyncexitstack.py", line 18, in __call__
    await self.app(scope, receive, send)
  File "C:\Users\sarth\AppData\Roaming\Python\Python314\site-packages\starlette\routing.py", line 660, in __call__
    await self.middleware_stack(scope, receive, send)
  File "C:\Users\sarth\AppData\Roaming\Python\Python314\site-packages\starlette\routing.py", line 680, in app
    await route.handle(scope, receive, send)
  File "C:\Users\sarth\AppData\Roaming\Python\Python314\site-packages\starlette\routing.py", line 276, in handle
    await self.app(scope, receive, send)
  File "C:\Users\sarth\AppData\Roaming\Python\Python314\site-packages\fastapi\routing.py", line 134, in app
    await wrap_app_handling_exceptions(app, request)(scope, receive, send)
  File "C:\Users\sarth\AppData\Roaming\Python\Python314\site-packages\starlette\_exception_handler.py", line 53, in wrapped_app
    raise exc
  File "C:\Users\sarth\AppData\Roaming\Python\Python314\site-packages\starlette\_exception_handler.py", line 42, in wrapped_app
    await app(scope, receive, sender)
  File "C:\Users\sarth\AppData\Roaming\Python\Python314\site-packages\fastapi\routing.py", line 120, in app
    response = await f(request)
               ^^^^^^^^^^^^^^^^
  File "C:\Users\sarth\AppData\Roaming\Python\Python314\site-packages\fastapi\routing.py", line 674, in app
    raw_response = await run_endpoint_function(
                   ^^^^^^^^^^^^^^^^^^^^^^^^^^^^
    ...<3 lines>...
    )
    ^
  File "C:\Users\sarth\AppData\Roaming\Python\Python314\site-packages\fastapi\routing.py", line 328, in run_endpoint_function
    return await dependant.call(**values)
           ^^^^^^^^^^^^^^^^^^^^^^^^^^^^^^
  File "C:\Users\sarth\OneDrive\Desktop\JBooks\CarbonSense\backend\app\api\endpoints\drift.py", line 31, in get_drift_status
    return DriftStatusResponse(
        drift_detected=False,
    ...<3 lines>...
        adwin_width=32
    )
  File "C:\Users\sarth\AppData\Roaming\Python\Python314\site-packages\pydantic\main.py", line 263, in __init__
    validated_self = self.__pydantic_validator__.validate_python(data, self_instance=self)
pydantic_core._pydantic_core.ValidationError: 1 validation error for DriftStatusResponse
last_alarm_at
  Input should be a valid string [type=string_type, input_value=None, input_type=NoneType]
    For further information visit https://errors.pydantic.dev/2.13/v/string_type

2026-05-07 20:02:25,107 - root - ERROR - Error handling request http://127.0.0.1:8000/api/v1/drift/status: 1 validation error for DriftStatusResponse
last_alarm_at
  Input should be a valid string [type=string_type, input_value=None, input_type=NoneType]
    For further information visit https://errors.pydantic.dev/2.13/v/string_type
2026-05-07 20:02:25,115 - root - ERROR - Traceback (most recent call last):
  File "C:\Users\sarth\OneDrive\Desktop\JBooks\CarbonSense\backend\app\main.py", line 26, in log_errors_middleware
    return await call_next(request)
           ^^^^^^^^^^^^^^^^^^^^^^^^
  File "C:\Users\sarth\AppData\Roaming\Python\Python314\site-packages\starlette\middleware\base.py", line 168, in call_next
    raise app_exc from app_exc.__cause__ or app_exc.__context__
  File "C:\Users\sarth\AppData\Roaming\Python\Python314\site-packages\starlette\middleware\base.py", line 144, in coro
    await self.app(scope, receive_or_disconnect, send_no_error)
  File "C:\Users\sarth\AppData\Roaming\Python\Python314\site-packages\starlette\middleware\exceptions.py", line 63, in __call__
    await wrap_app_handling_exceptions(self.app, conn)(scope, receive, send)
  File "C:\Users\sarth\AppData\Roaming\Python\Python314\site-packages\starlette\_exception_handler.py", line 53, in wrapped_app
    raise exc
  File "C:\Users\sarth\AppData\Roaming\Python\Python314\site-packages\starlette\_exception_handler.py", line 42, in wrapped_app
    await app(scope, receive, sender)
  File "C:\Users\sarth\AppData\Roaming\Python\Python314\site-packages\fastapi\middleware\asyncexitstack.py", line 18, in __call__
    await self.app(scope, receive, send)
  File "C:\Users\sarth\AppData\Roaming\Python\Python314\site-packages\starlette\routing.py", line 660, in __call__
    await self.middleware_stack(scope, receive, send)
  File "C:\Users\sarth\AppData\Roaming\Python\Python314\site-packages\starlette\routing.py", line 680, in app
    await route.handle(scope, receive, send)
  File "C:\Users\sarth\AppData\Roaming\Python\Python314\site-packages\starlette\routing.py", line 276, in handle
    await self.app(scope, receive, send)
  File "C:\Users\sarth\AppData\Roaming\Python\Python314\site-packages\fastapi\routing.py", line 134, in app
    await wrap_app_handling_exceptions(app, request)(scope, receive, send)
  File "C:\Users\sarth\AppData\Roaming\Python\Python314\site-packages\starlette\_exception_handler.py", line 53, in wrapped_app
    raise exc
  File "C:\Users\sarth\AppData\Roaming\Python\Python314\site-packages\starlette\_exception_handler.py", line 42, in wrapped_app
    await app(scope, receive, sender)
  File "C:\Users\sarth\AppData\Roaming\Python\Python314\site-packages\fastapi\routing.py", line 120, in app
    response = await f(request)
               ^^^^^^^^^^^^^^^^
  File "C:\Users\sarth\AppData\Roaming\Python\Python314\site-packages\fastapi\routing.py", line 674, in app
    raw_response = await run_endpoint_function(
                   ^^^^^^^^^^^^^^^^^^^^^^^^^^^^
    ...<3 lines>...
    )
    ^
  File "C:\Users\sarth\AppData\Roaming\Python\Python314\site-packages\fastapi\routing.py", line 328, in run_endpoint_function
    return await dependant.call(**values)
           ^^^^^^^^^^^^^^^^^^^^^^^^^^^^^^
  File "C:\Users\sarth\OneDrive\Desktop\JBooks\CarbonSense\backend\app\api\endpoints\drift.py", line 31, in get_drift_status
    return DriftStatusResponse(
        drift_detected=False,
    ...<3 lines>...
        adwin_width=32
    )
  File "C:\Users\sarth\AppData\Roaming\Python\Python314\site-packages\pydantic\main.py", line 263, in __init__
    validated_self = self.__pydantic_validator__.validate_python(data, self_instance=self)
pydantic_core._pydantic_core.ValidationError: 1 validation error for DriftStatusResponse
last_alarm_at
  Input should be a valid string [type=string_type, input_value=None, input_type=NoneType]
    For further information visit https://errors.pydantic.dev/2.13/v/string_type

2026-05-07 20:02:25,136 - root - ERROR - Error handling request http://127.0.0.1:8000/api/v1/drift/status: 1 validation error for DriftStatusResponse
last_alarm_at
  Input should be a valid string [type=string_type, input_value=None, input_type=NoneType]
    For further information visit https://errors.pydantic.dev/2.13/v/string_type
2026-05-07 20:02:25,142 - root - ERROR - Traceback (most recent call last):
  File "C:\Users\sarth\OneDrive\Desktop\JBooks\CarbonSense\backend\app\main.py", line 26, in log_errors_middleware
    return await call_next(request)
           ^^^^^^^^^^^^^^^^^^^^^^^^
  File "C:\Users\sarth\AppData\Roaming\Python\Python314\site-packages\starlette\middleware\base.py", line 168, in call_next
    raise app_exc from app_exc.__cause__ or app_exc.__context__
  File "C:\Users\sarth\AppData\Roaming\Python\Python314\site-packages\starlette\middleware\base.py", line 144, in coro
    await self.app(scope, receive_or_disconnect, send_no_error)
  File "C:\Users\sarth\AppData\Roaming\Python\Python314\site-packages\starlette\middleware\exceptions.py", line 63, in __call__
    await wrap_app_handling_exceptions(self.app, conn)(scope, receive, send)
  File "C:\Users\sarth\AppData\Roaming\Python\Python314\site-packages\starlette\_exception_handler.py", line 53, in wrapped_app
    raise exc
  File "C:\Users\sarth\AppData\Roaming\Python\Python314\site-packages\starlette\_exception_handler.py", line 42, in wrapped_app
    await app(scope, receive, sender)
  File "C:\Users\sarth\AppData\Roaming\Python\Python314\site-packages\fastapi\middleware\asyncexitstack.py", line 18, in __call__
    await self.app(scope, receive, send)
  File "C:\Users\sarth\AppData\Roaming\Python\Python314\site-packages\starlette\routing.py", line 660, in __call__
    await self.middleware_stack(scope, receive, send)
  File "C:\Users\sarth\AppData\Roaming\Python\Python314\site-packages\starlette\routing.py", line 680, in app
    await route.handle(scope, receive, send)
  File "C:\Users\sarth\AppData\Roaming\Python\Python314\site-packages\starlette\routing.py", line 276, in handle
    await self.app(scope, receive, send)
  File "C:\Users\sarth\AppData\Roaming\Python\Python314\site-packages\fastapi\routing.py", line 134, in app
    await wrap_app_handling_exceptions(app, request)(scope, receive, send)
  File "C:\Users\sarth\AppData\Roaming\Python\Python314\site-packages\starlette\_exception_handler.py", line 53, in wrapped_app
    raise exc
  File "C:\Users\sarth\AppData\Roaming\Python\Python314\site-packages\starlette\_exception_handler.py", line 42, in wrapped_app
    await app(scope, receive, sender)
  File "C:\Users\sarth\AppData\Roaming\Python\Python314\site-packages\fastapi\routing.py", line 120, in app
    response = await f(request)
               ^^^^^^^^^^^^^^^^
  File "C:\Users\sarth\AppData\Roaming\Python\Python314\site-packages\fastapi\routing.py", line 674, in app
    raw_response = await run_endpoint_function(
                   ^^^^^^^^^^^^^^^^^^^^^^^^^^^^
    ...<3 lines>...
    )
    ^
  File "C:\Users\sarth\AppData\Roaming\Python\Python314\site-packages\fastapi\routing.py", line 328, in run_endpoint_function
    return await dependant.call(**values)
           ^^^^^^^^^^^^^^^^^^^^^^^^^^^^^^
  File "C:\Users\sarth\OneDrive\Desktop\JBooks\CarbonSense\backend\app\api\endpoints\drift.py", line 31, in get_drift_status
    return DriftStatusResponse(
        drift_detected=False,
    ...<3 lines>...
        adwin_width=32
    )
  File "C:\Users\sarth\AppData\Roaming\Python\Python314\site-packages\pydantic\main.py", line 263, in __init__
    validated_self = self.__pydantic_validator__.validate_python(data, self_instance=self)
pydantic_core._pydantic_core.ValidationError: 1 validation error for DriftStatusResponse
last_alarm_at
  Input should be a valid string [type=string_type, input_value=None, input_type=NoneType]
    For further information visit https://errors.pydantic.dev/2.13/v/string_type

2026-05-07 20:02:25,164 - root - ERROR - Error handling request http://127.0.0.1:8000/api/v1/drift/status: 1 validation error for DriftStatusResponse
last_alarm_at
  Input should be a valid string [type=string_type, input_value=None, input_type=NoneType]
    For further information visit https://errors.pydantic.dev/2.13/v/string_type
2026-05-07 20:02:25,169 - root - ERROR - Traceback (most recent call last):
  File "C:\Users\sarth\OneDrive\Desktop\JBooks\CarbonSense\backend\app\main.py", line 26, in log_errors_middleware
    return await call_next(request)
           ^^^^^^^^^^^^^^^^^^^^^^^^
  File "C:\Users\sarth\AppData\Roaming\Python\Python314\site-packages\starlette\middleware\base.py", line 168, in call_next
    raise app_exc from app_exc.__cause__ or app_exc.__context__
  File "C:\Users\sarth\AppData\Roaming\Python\Python314\site-packages\starlette\middleware\base.py", line 144, in coro
    await self.app(scope, receive_or_disconnect, send_no_error)
  File "C:\Users\sarth\AppData\Roaming\Python\Python314\site-packages\starlette\middleware\exceptions.py", line 63, in __call__
    await wrap_app_handling_exceptions(self.app, conn)(scope, receive, send)
  File "C:\Users\sarth\AppData\Roaming\Python\Python314\site-packages\starlette\_exception_handler.py", line 53, in wrapped_app
    raise exc
  File "C:\Users\sarth\AppData\Roaming\Python\Python314\site-packages\starlette\_exception_handler.py", line 42, in wrapped_app
    await app(scope, receive, sender)
  File "C:\Users\sarth\AppData\Roaming\Python\Python314\site-packages\fastapi\middleware\asyncexitstack.py", line 18, in __call__
    await self.app(scope, receive, send)
  File "C:\Users\sarth\AppData\Roaming\Python\Python314\site-packages\starlette\routing.py", line 660, in __call__
    await self.middleware_stack(scope, receive, send)
  File "C:\Users\sarth\AppData\Roaming\Python\Python314\site-packages\starlette\routing.py", line 680, in app
    await route.handle(scope, receive, send)
  File "C:\Users\sarth\AppData\Roaming\Python\Python314\site-packages\starlette\routing.py", line 276, in handle
    await self.app(scope, receive, send)
  File "C:\Users\sarth\AppData\Roaming\Python\Python314\site-packages\fastapi\routing.py", line 134, in app
    await wrap_app_handling_exceptions(app, request)(scope, receive, send)
  File "C:\Users\sarth\AppData\Roaming\Python\Python314\site-packages\starlette\_exception_handler.py", line 53, in wrapped_app
    raise exc
  File "C:\Users\sarth\AppData\Roaming\Python\Python314\site-packages\starlette\_exception_handler.py", line 42, in wrapped_app
    await app(scope, receive, sender)
  File "C:\Users\sarth\AppData\Roaming\Python\Python314\site-packages\fastapi\routing.py", line 120, in app
    response = await f(request)
               ^^^^^^^^^^^^^^^^
  File "C:\Users\sarth\AppData\Roaming\Python\Python314\site-packages\fastapi\routing.py", line 674, in app
    raw_response = await run_endpoint_function(
                   ^^^^^^^^^^^^^^^^^^^^^^^^^^^^
    ...<3 lines>...
    )
    ^
  File "C:\Users\sarth\AppData\Roaming\Python\Python314\site-packages\fastapi\routing.py", line 328, in run_endpoint_function
    return await dependant.call(**values)
           ^^^^^^^^^^^^^^^^^^^^^^^^^^^^^^
  File "C:\Users\sarth\OneDrive\Desktop\JBooks\CarbonSense\backend\app\api\endpoints\drift.py", line 31, in get_drift_status
    return DriftStatusResponse(
        drift_detected=False,
    ...<3 lines>...
        adwin_width=32
    )
  File "C:\Users\sarth\AppData\Roaming\Python\Python314\site-packages\pydantic\main.py", line 263, in __init__
    validated_self = self.__pydantic_validator__.validate_python(data, self_instance=self)
pydantic_core._pydantic_core.ValidationError: 1 validation error for DriftStatusResponse
last_alarm_at
  Input should be a valid string [type=string_type, input_value=None, input_type=NoneType]
    For further information visit https://errors.pydantic.dev/2.13/v/string_type

2026-05-07 20:02:30,155 - root - ERROR - Error handling request http://127.0.0.1:8000/api/v1/drift/status: 1 validation error for DriftStatusResponse
last_alarm_at
  Input should be a valid string [type=string_type, input_value=None, input_type=NoneType]
    For further information visit https://errors.pydantic.dev/2.13/v/string_type
2026-05-07 20:02:30,168 - root - ERROR - Traceback (most recent call last):
  File "C:\Users\sarth\OneDrive\Desktop\JBooks\CarbonSense\backend\app\main.py", line 26, in log_errors_middleware
    return await call_next(request)
           ^^^^^^^^^^^^^^^^^^^^^^^^
  File "C:\Users\sarth\AppData\Roaming\Python\Python314\site-packages\starlette\middleware\base.py", line 168, in call_next
    raise app_exc from app_exc.__cause__ or app_exc.__context__
  File "C:\Users\sarth\AppData\Roaming\Python\Python314\site-packages\starlette\middleware\base.py", line 144, in coro
    await self.app(scope, receive_or_disconnect, send_no_error)
  File "C:\Users\sarth\AppData\Roaming\Python\Python314\site-packages\starlette\middleware\exceptions.py", line 63, in __call__
    await wrap_app_handling_exceptions(self.app, conn)(scope, receive, send)
  File "C:\Users\sarth\AppData\Roaming\Python\Python314\site-packages\starlette\_exception_handler.py", line 53, in wrapped_app
    raise exc
  File "C:\Users\sarth\AppData\Roaming\Python\Python314\site-packages\starlette\_exception_handler.py", line 42, in wrapped_app
    await app(scope, receive, sender)
  File "C:\Users\sarth\AppData\Roaming\Python\Python314\site-packages\fastapi\middleware\asyncexitstack.py", line 18, in __call__
    await self.app(scope, receive, send)
  File "C:\Users\sarth\AppData\Roaming\Python\Python314\site-packages\starlette\routing.py", line 660, in __call__
    await self.middleware_stack(scope, receive, send)
  File "C:\Users\sarth\AppData\Roaming\Python\Python314\site-packages\starlette\routing.py", line 680, in app
    await route.handle(scope, receive, send)
  File "C:\Users\sarth\AppData\Roaming\Python\Python314\site-packages\starlette\routing.py", line 276, in handle
    await self.app(scope, receive, send)
  File "C:\Users\sarth\AppData\Roaming\Python\Python314\site-packages\fastapi\routing.py", line 134, in app
    await wrap_app_handling_exceptions(app, request)(scope, receive, send)
  File "C:\Users\sarth\AppData\Roaming\Python\Python314\site-packages\starlette\_exception_handler.py", line 53, in wrapped_app
    raise exc
  File "C:\Users\sarth\AppData\Roaming\Python\Python314\site-packages\starlette\_exception_handler.py", line 42, in wrapped_app
    await app(scope, receive, sender)
  File "C:\Users\sarth\AppData\Roaming\Python\Python314\site-packages\fastapi\routing.py", line 120, in app
    response = await f(request)
               ^^^^^^^^^^^^^^^^
  File "C:\Users\sarth\AppData\Roaming\Python\Python314\site-packages\fastapi\routing.py", line 674, in app
    raw_response = await run_endpoint_function(
                   ^^^^^^^^^^^^^^^^^^^^^^^^^^^^
    ...<3 lines>...
    )
    ^
  File "C:\Users\sarth\AppData\Roaming\Python\Python314\site-packages\fastapi\routing.py", line 328, in run_endpoint_function
    return await dependant.call(**values)
           ^^^^^^^^^^^^^^^^^^^^^^^^^^^^^^
  File "C:\Users\sarth\OneDrive\Desktop\JBooks\CarbonSense\backend\app\api\endpoints\drift.py", line 31, in get_drift_status
    return DriftStatusResponse(
        drift_detected=False,
    ...<3 lines>...
        adwin_width=32
    )
  File "C:\Users\sarth\AppData\Roaming\Python\Python314\site-packages\pydantic\main.py", line 263, in __init__
    validated_self = self.__pydantic_validator__.validate_python(data, self_instance=self)
pydantic_core._pydantic_core.ValidationError: 1 validation error for DriftStatusResponse
last_alarm_at
  Input should be a valid string [type=string_type, input_value=None, input_type=NoneType]
    For further information visit https://errors.pydantic.dev/2.13/v/string_type

2026-05-07 20:02:35,115 - root - ERROR - Error handling request http://127.0.0.1:8000/api/v1/drift/status: 1 validation error for DriftStatusResponse
last_alarm_at
  Input should be a valid string [type=string_type, input_value=None, input_type=NoneType]
    For further information visit https://errors.pydantic.dev/2.13/v/string_type
2026-05-07 20:02:35,119 - root - ERROR - Traceback (most recent call last):
  File "C:\Users\sarth\OneDrive\Desktop\JBooks\CarbonSense\backend\app\main.py", line 26, in log_errors_middleware
    return await call_next(request)
           ^^^^^^^^^^^^^^^^^^^^^^^^
  File "C:\Users\sarth\AppData\Roaming\Python\Python314\site-packages\starlette\middleware\base.py", line 168, in call_next
    raise app_exc from app_exc.__cause__ or app_exc.__context__
  File "C:\Users\sarth\AppData\Roaming\Python\Python314\site-packages\starlette\middleware\base.py", line 144, in coro
    await self.app(scope, receive_or_disconnect, send_no_error)
  File "C:\Users\sarth\AppData\Roaming\Python\Python314\site-packages\starlette\middleware\exceptions.py", line 63, in __call__
    await wrap_app_handling_exceptions(self.app, conn)(scope, receive, send)
  File "C:\Users\sarth\AppData\Roaming\Python\Python314\site-packages\starlette\_exception_handler.py", line 53, in wrapped_app
    raise exc
  File "C:\Users\sarth\AppData\Roaming\Python\Python314\site-packages\starlette\_exception_handler.py", line 42, in wrapped_app
    await app(scope, receive, sender)
  File "C:\Users\sarth\AppData\Roaming\Python\Python314\site-packages\fastapi\middleware\asyncexitstack.py", line 18, in __call__
    await self.app(scope, receive, send)
  File "C:\Users\sarth\AppData\Roaming\Python\Python314\site-packages\starlette\routing.py", line 660, in __call__
    await self.middleware_stack(scope, receive, send)
  File "C:\Users\sarth\AppData\Roaming\Python\Python314\site-packages\starlette\routing.py", line 680, in app
    await route.handle(scope, receive, send)
  File "C:\Users\sarth\AppData\Roaming\Python\Python314\site-packages\starlette\routing.py", line 276, in handle
    await self.app(scope, receive, send)
  File "C:\Users\sarth\AppData\Roaming\Python\Python314\site-packages\fastapi\routing.py", line 134, in app
    await wrap_app_handling_exceptions(app, request)(scope, receive, send)
  File "C:\Users\sarth\AppData\Roaming\Python\Python314\site-packages\starlette\_exception_handler.py", line 53, in wrapped_app
    raise exc
  File "C:\Users\sarth\AppData\Roaming\Python\Python314\site-packages\starlette\_exception_handler.py", line 42, in wrapped_app
    await app(scope, receive, sender)
  File "C:\Users\sarth\AppData\Roaming\Python\Python314\site-packages\fastapi\routing.py", line 120, in app
    response = await f(request)
               ^^^^^^^^^^^^^^^^
  File "C:\Users\sarth\AppData\Roaming\Python\Python314\site-packages\fastapi\routing.py", line 674, in app
    raw_response = await run_endpoint_function(
                   ^^^^^^^^^^^^^^^^^^^^^^^^^^^^
    ...<3 lines>...
    )
    ^
  File "C:\Users\sarth\AppData\Roaming\Python\Python314\site-packages\fastapi\routing.py", line 328, in run_endpoint_function
    return await dependant.call(**values)
           ^^^^^^^^^^^^^^^^^^^^^^^^^^^^^^
  File "C:\Users\sarth\OneDrive\Desktop\JBooks\CarbonSense\backend\app\api\endpoints\drift.py", line 31, in get_drift_status
    return DriftStatusResponse(
        drift_detected=False,
    ...<3 lines>...
        adwin_width=32
    )
  File "C:\Users\sarth\AppData\Roaming\Python\Python314\site-packages\pydantic\main.py", line 263, in __init__
    validated_self = self.__pydantic_validator__.validate_python(data, self_instance=self)
pydantic_core._pydantic_core.ValidationError: 1 validation error for DriftStatusResponse
last_alarm_at
  Input should be a valid string [type=string_type, input_value=None, input_type=NoneType]
    For further information visit https://errors.pydantic.dev/2.13/v/string_type

2026-05-07 20:02:35,136 - root - ERROR - Error handling request http://127.0.0.1:8000/api/v1/drift/status: 1 validation error for DriftStatusResponse
last_alarm_at
  Input should be a valid string [type=string_type, input_value=None, input_type=NoneType]
    For further information visit https://errors.pydantic.dev/2.13/v/string_type
2026-05-07 20:02:35,140 - root - ERROR - Traceback (most recent call last):
  File "C:\Users\sarth\OneDrive\Desktop\JBooks\CarbonSense\backend\app\main.py", line 26, in log_errors_middleware
    return await call_next(request)
           ^^^^^^^^^^^^^^^^^^^^^^^^
  File "C:\Users\sarth\AppData\Roaming\Python\Python314\site-packages\starlette\middleware\base.py", line 168, in call_next
    raise app_exc from app_exc.__cause__ or app_exc.__context__
  File "C:\Users\sarth\AppData\Roaming\Python\Python314\site-packages\starlette\middleware\base.py", line 144, in coro
    await self.app(scope, receive_or_disconnect, send_no_error)
  File "C:\Users\sarth\AppData\Roaming\Python\Python314\site-packages\starlette\middleware\exceptions.py", line 63, in __call__
    await wrap_app_handling_exceptions(self.app, conn)(scope, receive, send)
  File "C:\Users\sarth\AppData\Roaming\Python\Python314\site-packages\starlette\_exception_handler.py", line 53, in wrapped_app
    raise exc
  File "C:\Users\sarth\AppData\Roaming\Python\Python314\site-packages\starlette\_exception_handler.py", line 42, in wrapped_app
    await app(scope, receive, sender)
  File "C:\Users\sarth\AppData\Roaming\Python\Python314\site-packages\fastapi\middleware\asyncexitstack.py", line 18, in __call__
    await self.app(scope, receive, send)
  File "C:\Users\sarth\AppData\Roaming\Python\Python314\site-packages\starlette\routing.py", line 660, in __call__
    await self.middleware_stack(scope, receive, send)
  File "C:\Users\sarth\AppData\Roaming\Python\Python314\site-packages\starlette\routing.py", line 680, in app
    await route.handle(scope, receive, send)
  File "C:\Users\sarth\AppData\Roaming\Python\Python314\site-packages\starlette\routing.py", line 276, in handle
    await self.app(scope, receive, send)
  File "C:\Users\sarth\AppData\Roaming\Python\Python314\site-packages\fastapi\routing.py", line 134, in app
    await wrap_app_handling_exceptions(app, request)(scope, receive, send)
  File "C:\Users\sarth\AppData\Roaming\Python\Python314\site-packages\starlette\_exception_handler.py", line 53, in wrapped_app
    raise exc
  File "C:\Users\sarth\AppData\Roaming\Python\Python314\site-packages\starlette\_exception_handler.py", line 42, in wrapped_app
    await app(scope, receive, sender)
  File "C:\Users\sarth\AppData\Roaming\Python\Python314\site-packages\fastapi\routing.py", line 120, in app
    response = await f(request)
               ^^^^^^^^^^^^^^^^
  File "C:\Users\sarth\AppData\Roaming\Python\Python314\site-packages\fastapi\routing.py", line 674, in app
    raw_response = await run_endpoint_function(
                   ^^^^^^^^^^^^^^^^^^^^^^^^^^^^
    ...<3 lines>...
    )
    ^
  File "C:\Users\sarth\AppData\Roaming\Python\Python314\site-packages\fastapi\routing.py", line 328, in run_endpoint_function
    return await dependant.call(**values)
           ^^^^^^^^^^^^^^^^^^^^^^^^^^^^^^
  File "C:\Users\sarth\OneDrive\Desktop\JBooks\CarbonSense\backend\app\api\endpoints\drift.py", line 31, in get_drift_status
    return DriftStatusResponse(
        drift_detected=False,
    ...<3 lines>...
        adwin_width=32
    )
  File "C:\Users\sarth\AppData\Roaming\Python\Python314\site-packages\pydantic\main.py", line 263, in __init__
    validated_self = self.__pydantic_validator__.validate_python(data, self_instance=self)
pydantic_core._pydantic_core.ValidationError: 1 validation error for DriftStatusResponse
last_alarm_at
  Input should be a valid string [type=string_type, input_value=None, input_type=NoneType]
    For further information visit https://errors.pydantic.dev/2.13/v/string_type

2026-05-07 20:02:35,157 - root - ERROR - Error handling request http://127.0.0.1:8000/api/v1/drift/status: 1 validation error for DriftStatusResponse
last_alarm_at
  Input should be a valid string [type=string_type, input_value=None, input_type=NoneType]
    For further information visit https://errors.pydantic.dev/2.13/v/string_type
2026-05-07 20:02:35,163 - root - ERROR - Traceback (most recent call last):
  File "C:\Users\sarth\OneDrive\Desktop\JBooks\CarbonSense\backend\app\main.py", line 26, in log_errors_middleware
    return await call_next(request)
           ^^^^^^^^^^^^^^^^^^^^^^^^
  File "C:\Users\sarth\AppData\Roaming\Python\Python314\site-packages\starlette\middleware\base.py", line 168, in call_next
    raise app_exc from app_exc.__cause__ or app_exc.__context__
  File "C:\Users\sarth\AppData\Roaming\Python\Python314\site-packages\starlette\middleware\base.py", line 144, in coro
    await self.app(scope, receive_or_disconnect, send_no_error)
  File "C:\Users\sarth\AppData\Roaming\Python\Python314\site-packages\starlette\middleware\exceptions.py", line 63, in __call__
    await wrap_app_handling_exceptions(self.app, conn)(scope, receive, send)
  File "C:\Users\sarth\AppData\Roaming\Python\Python314\site-packages\starlette\_exception_handler.py", line 53, in wrapped_app
    raise exc
  File "C:\Users\sarth\AppData\Roaming\Python\Python314\site-packages\starlette\_exception_handler.py", line 42, in wrapped_app
    await app(scope, receive, sender)
  File "C:\Users\sarth\AppData\Roaming\Python\Python314\site-packages\fastapi\middleware\asyncexitstack.py", line 18, in __call__
    await self.app(scope, receive, send)
  File "C:\Users\sarth\AppData\Roaming\Python\Python314\site-packages\starlette\routing.py", line 660, in __call__
    await self.middleware_stack(scope, receive, send)
  File "C:\Users\sarth\AppData\Roaming\Python\Python314\site-packages\starlette\routing.py", line 680, in app
    await route.handle(scope, receive, send)
  File "C:\Users\sarth\AppData\Roaming\Python\Python314\site-packages\starlette\routing.py", line 276, in handle
    await self.app(scope, receive, send)
  File "C:\Users\sarth\AppData\Roaming\Python\Python314\site-packages\fastapi\routing.py", line 134, in app
    await wrap_app_handling_exceptions(app, request)(scope, receive, send)
  File "C:\Users\sarth\AppData\Roaming\Python\Python314\site-packages\starlette\_exception_handler.py", line 53, in wrapped_app
    raise exc
  File "C:\Users\sarth\AppData\Roaming\Python\Python314\site-packages\starlette\_exception_handler.py", line 42, in wrapped_app
    await app(scope, receive, sender)
  File "C:\Users\sarth\AppData\Roaming\Python\Python314\site-packages\fastapi\routing.py", line 120, in app
    response = await f(request)
               ^^^^^^^^^^^^^^^^
  File "C:\Users\sarth\AppData\Roaming\Python\Python314\site-packages\fastapi\routing.py", line 674, in app
    raw_response = await run_endpoint_function(
                   ^^^^^^^^^^^^^^^^^^^^^^^^^^^^
    ...<3 lines>...
    )
    ^
  File "C:\Users\sarth\AppData\Roaming\Python\Python314\site-packages\fastapi\routing.py", line 328, in run_endpoint_function
    return await dependant.call(**values)
           ^^^^^^^^^^^^^^^^^^^^^^^^^^^^^^
  File "C:\Users\sarth\OneDrive\Desktop\JBooks\CarbonSense\backend\app\api\endpoints\drift.py", line 31, in get_drift_status
    return DriftStatusResponse(
        drift_detected=False,
    ...<3 lines>...
        adwin_width=32
    )
  File "C:\Users\sarth\AppData\Roaming\Python\Python314\site-packages\pydantic\main.py", line 263, in __init__
    validated_self = self.__pydantic_validator__.validate_python(data, self_instance=self)
pydantic_core._pydantic_core.ValidationError: 1 validation error for DriftStatusResponse
last_alarm_at
  Input should be a valid string [type=string_type, input_value=None, input_type=NoneType]
    For further information visit https://errors.pydantic.dev/2.13/v/string_type

2026-05-07 20:02:40,085 - root - ERROR - Error handling request http://127.0.0.1:8000/api/v1/drift/status: 1 validation error for DriftStatusResponse
last_alarm_at
  Input should be a valid string [type=string_type, input_value=None, input_type=NoneType]
    For further information visit https://errors.pydantic.dev/2.13/v/string_type
2026-05-07 20:02:40,089 - root - ERROR - Traceback (most recent call last):
  File "C:\Users\sarth\OneDrive\Desktop\JBooks\CarbonSense\backend\app\main.py", line 26, in log_errors_middleware
    return await call_next(request)
           ^^^^^^^^^^^^^^^^^^^^^^^^
  File "C:\Users\sarth\AppData\Roaming\Python\Python314\site-packages\starlette\middleware\base.py", line 168, in call_next
    raise app_exc from app_exc.__cause__ or app_exc.__context__
  File "C:\Users\sarth\AppData\Roaming\Python\Python314\site-packages\starlette\middleware\base.py", line 144, in coro
    await self.app(scope, receive_or_disconnect, send_no_error)
  File "C:\Users\sarth\AppData\Roaming\Python\Python314\site-packages\starlette\middleware\exceptions.py", line 63, in __call__
    await wrap_app_handling_exceptions(self.app, conn)(scope, receive, send)
  File "C:\Users\sarth\AppData\Roaming\Python\Python314\site-packages\starlette\_exception_handler.py", line 53, in wrapped_app
    raise exc
  File "C:\Users\sarth\AppData\Roaming\Python\Python314\site-packages\starlette\_exception_handler.py", line 42, in wrapped_app
    await app(scope, receive, sender)
  File "C:\Users\sarth\AppData\Roaming\Python\Python314\site-packages\fastapi\middleware\asyncexitstack.py", line 18, in __call__
    await self.app(scope, receive, send)
  File "C:\Users\sarth\AppData\Roaming\Python\Python314\site-packages\starlette\routing.py", line 660, in __call__
    await self.middleware_stack(scope, receive, send)
  File "C:\Users\sarth\AppData\Roaming\Python\Python314\site-packages\starlette\routing.py", line 680, in app
    await route.handle(scope, receive, send)
  File "C:\Users\sarth\AppData\Roaming\Python\Python314\site-packages\starlette\routing.py", line 276, in handle
    await self.app(scope, receive, send)
  File "C:\Users\sarth\AppData\Roaming\Python\Python314\site-packages\fastapi\routing.py", line 134, in app
    await wrap_app_handling_exceptions(app, request)(scope, receive, send)
  File "C:\Users\sarth\AppData\Roaming\Python\Python314\site-packages\starlette\_exception_handler.py", line 53, in wrapped_app
    raise exc
  File "C:\Users\sarth\AppData\Roaming\Python\Python314\site-packages\starlette\_exception_handler.py", line 42, in wrapped_app
    await app(scope, receive, sender)
  File "C:\Users\sarth\AppData\Roaming\Python\Python314\site-packages\fastapi\routing.py", line 120, in app
    response = await f(request)
               ^^^^^^^^^^^^^^^^
  File "C:\Users\sarth\AppData\Roaming\Python\Python314\site-packages\fastapi\routing.py", line 674, in app
    raw_response = await run_endpoint_function(
                   ^^^^^^^^^^^^^^^^^^^^^^^^^^^^
    ...<3 lines>...
    )
    ^
  File "C:\Users\sarth\AppData\Roaming\Python\Python314\site-packages\fastapi\routing.py", line 328, in run_endpoint_function
    return await dependant.call(**values)
           ^^^^^^^^^^^^^^^^^^^^^^^^^^^^^^
  File "C:\Users\sarth\OneDrive\Desktop\JBooks\CarbonSense\backend\app\api\endpoints\drift.py", line 31, in get_drift_status
    return DriftStatusResponse(
        drift_detected=False,
    ...<3 lines>...
        adwin_width=32
    )
  File "C:\Users\sarth\AppData\Roaming\Python\Python314\site-packages\pydantic\main.py", line 263, in __init__
    validated_self = self.__pydantic_validator__.validate_python(data, self_instance=self)
pydantic_core._pydantic_core.ValidationError: 1 validation error for DriftStatusResponse
last_alarm_at
  Input should be a valid string [type=string_type, input_value=None, input_type=NoneType]
    For further information visit https://errors.pydantic.dev/2.13/v/string_type

2026-05-07 20:02:45,107 - root - ERROR - Error handling request http://127.0.0.1:8000/api/v1/drift/status: 1 validation error for DriftStatusResponse
last_alarm_at
  Input should be a valid string [type=string_type, input_value=None, input_type=NoneType]
    For further information visit https://errors.pydantic.dev/2.13/v/string_type
2026-05-07 20:02:45,114 - root - ERROR - Traceback (most recent call last):
  File "C:\Users\sarth\OneDrive\Desktop\JBooks\CarbonSense\backend\app\main.py", line 26, in log_errors_middleware
    return await call_next(request)
           ^^^^^^^^^^^^^^^^^^^^^^^^
  File "C:\Users\sarth\AppData\Roaming\Python\Python314\site-packages\starlette\middleware\base.py", line 168, in call_next
    raise app_exc from app_exc.__cause__ or app_exc.__context__
  File "C:\Users\sarth\AppData\Roaming\Python\Python314\site-packages\starlette\middleware\base.py", line 144, in coro
    await self.app(scope, receive_or_disconnect, send_no_error)
  File "C:\Users\sarth\AppData\Roaming\Python\Python314\site-packages\starlette\middleware\exceptions.py", line 63, in __call__
    await wrap_app_handling_exceptions(self.app, conn)(scope, receive, send)
  File "C:\Users\sarth\AppData\Roaming\Python\Python314\site-packages\starlette\_exception_handler.py", line 53, in wrapped_app
    raise exc
  File "C:\Users\sarth\AppData\Roaming\Python\Python314\site-packages\starlette\_exception_handler.py", line 42, in wrapped_app
    await app(scope, receive, sender)
  File "C:\Users\sarth\AppData\Roaming\Python\Python314\site-packages\fastapi\middleware\asyncexitstack.py", line 18, in __call__
    await self.app(scope, receive, send)
  File "C:\Users\sarth\AppData\Roaming\Python\Python314\site-packages\starlette\routing.py", line 660, in __call__
    await self.middleware_stack(scope, receive, send)
  File "C:\Users\sarth\AppData\Roaming\Python\Python314\site-packages\starlette\routing.py", line 680, in app
    await route.handle(scope, receive, send)
  File "C:\Users\sarth\AppData\Roaming\Python\Python314\site-packages\starlette\routing.py", line 276, in handle
    await self.app(scope, receive, send)
  File "C:\Users\sarth\AppData\Roaming\Python\Python314\site-packages\fastapi\routing.py", line 134, in app
    await wrap_app_handling_exceptions(app, request)(scope, receive, send)
  File "C:\Users\sarth\AppData\Roaming\Python\Python314\site-packages\starlette\_exception_handler.py", line 53, in wrapped_app
    raise exc
  File "C:\Users\sarth\AppData\Roaming\Python\Python314\site-packages\starlette\_exception_handler.py", line 42, in wrapped_app
    await app(scope, receive, sender)
  File "C:\Users\sarth\AppData\Roaming\Python\Python314\site-packages\fastapi\routing.py", line 120, in app
    response = await f(request)
               ^^^^^^^^^^^^^^^^
  File "C:\Users\sarth\AppData\Roaming\Python\Python314\site-packages\fastapi\routing.py", line 674, in app
    raw_response = await run_endpoint_function(
                   ^^^^^^^^^^^^^^^^^^^^^^^^^^^^
    ...<3 lines>...
    )
    ^
  File "C:\Users\sarth\AppData\Roaming\Python\Python314\site-packages\fastapi\routing.py", line 328, in run_endpoint_function
    return await dependant.call(**values)
           ^^^^^^^^^^^^^^^^^^^^^^^^^^^^^^
  File "C:\Users\sarth\OneDrive\Desktop\JBooks\CarbonSense\backend\app\api\endpoints\drift.py", line 31, in get_drift_status
    return DriftStatusResponse(
        drift_detected=False,
    ...<3 lines>...
        adwin_width=32
    )
  File "C:\Users\sarth\AppData\Roaming\Python\Python314\site-packages\pydantic\main.py", line 263, in __init__
    validated_self = self.__pydantic_validator__.validate_python(data, self_instance=self)
pydantic_core._pydantic_core.ValidationError: 1 validation error for DriftStatusResponse
last_alarm_at
  Input should be a valid string [type=string_type, input_value=None, input_type=NoneType]
    For further information visit https://errors.pydantic.dev/2.13/v/string_type

2026-05-07 20:02:45,131 - root - ERROR - Error handling request http://127.0.0.1:8000/api/v1/drift/status: 1 validation error for DriftStatusResponse
last_alarm_at
  Input should be a valid string [type=string_type, input_value=None, input_type=NoneType]
    For further information visit https://errors.pydantic.dev/2.13/v/string_type
2026-05-07 20:02:45,135 - root - ERROR - Traceback (most recent call last):
  File "C:\Users\sarth\OneDrive\Desktop\JBooks\CarbonSense\backend\app\main.py", line 26, in log_errors_middleware
    return await call_next(request)
           ^^^^^^^^^^^^^^^^^^^^^^^^
  File "C:\Users\sarth\AppData\Roaming\Python\Python314\site-packages\starlette\middleware\base.py", line 168, in call_next
    raise app_exc from app_exc.__cause__ or app_exc.__context__
  File "C:\Users\sarth\AppData\Roaming\Python\Python314\site-packages\starlette\middleware\base.py", line 144, in coro
    await self.app(scope, receive_or_disconnect, send_no_error)
  File "C:\Users\sarth\AppData\Roaming\Python\Python314\site-packages\starlette\middleware\exceptions.py", line 63, in __call__
    await wrap_app_handling_exceptions(self.app, conn)(scope, receive, send)
  File "C:\Users\sarth\AppData\Roaming\Python\Python314\site-packages\starlette\_exception_handler.py", line 53, in wrapped_app
    raise exc
  File "C:\Users\sarth\AppData\Roaming\Python\Python314\site-packages\starlette\_exception_handler.py", line 42, in wrapped_app
    await app(scope, receive, sender)
  File "C:\Users\sarth\AppData\Roaming\Python\Python314\site-packages\fastapi\middleware\asyncexitstack.py", line 18, in __call__
    await self.app(scope, receive, send)
  File "C:\Users\sarth\AppData\Roaming\Python\Python314\site-packages\starlette\routing.py", line 660, in __call__
    await self.middleware_stack(scope, receive, send)
  File "C:\Users\sarth\AppData\Roaming\Python\Python314\site-packages\starlette\routing.py", line 680, in app
    await route.handle(scope, receive, send)
  File "C:\Users\sarth\AppData\Roaming\Python\Python314\site-packages\starlette\routing.py", line 276, in handle
    await self.app(scope, receive, send)
  File "C:\Users\sarth\AppData\Roaming\Python\Python314\site-packages\fastapi\routing.py", line 134, in app
    await wrap_app_handling_exceptions(app, request)(scope, receive, send)
  File "C:\Users\sarth\AppData\Roaming\Python\Python314\site-packages\starlette\_exception_handler.py", line 53, in wrapped_app
    raise exc
  File "C:\Users\sarth\AppData\Roaming\Python\Python314\site-packages\starlette\_exception_handler.py", line 42, in wrapped_app
    await app(scope, receive, sender)
  File "C:\Users\sarth\AppData\Roaming\Python\Python314\site-packages\fastapi\routing.py", line 120, in app
    response = await f(request)
               ^^^^^^^^^^^^^^^^
  File "C:\Users\sarth\AppData\Roaming\Python\Python314\site-packages\fastapi\routing.py", line 674, in app
    raw_response = await run_endpoint_function(
                   ^^^^^^^^^^^^^^^^^^^^^^^^^^^^
    ...<3 lines>...
    )
    ^
  File "C:\Users\sarth\AppData\Roaming\Python\Python314\site-packages\fastapi\routing.py", line 328, in run_endpoint_function
    return await dependant.call(**values)
           ^^^^^^^^^^^^^^^^^^^^^^^^^^^^^^
  File "C:\Users\sarth\OneDrive\Desktop\JBooks\CarbonSense\backend\app\api\endpoints\drift.py", line 31, in get_drift_status
    return DriftStatusResponse(
        drift_detected=False,
    ...<3 lines>...
        adwin_width=32
    )
  File "C:\Users\sarth\AppData\Roaming\Python\Python314\site-packages\pydantic\main.py", line 263, in __init__
    validated_self = self.__pydantic_validator__.validate_python(data, self_instance=self)
pydantic_core._pydantic_core.ValidationError: 1 validation error for DriftStatusResponse
last_alarm_at
  Input should be a valid string [type=string_type, input_value=None, input_type=NoneType]
    For further information visit https://errors.pydantic.dev/2.13/v/string_type

2026-05-07 20:02:45,193 - root - ERROR - Error handling request http://127.0.0.1:8000/api/v1/drift/status: 1 validation error for DriftStatusResponse
last_alarm_at
  Input should be a valid string [type=string_type, input_value=None, input_type=NoneType]
    For further information visit https://errors.pydantic.dev/2.13/v/string_type
2026-05-07 20:02:45,209 - root - ERROR - Traceback (most recent call last):
  File "C:\Users\sarth\OneDrive\Desktop\JBooks\CarbonSense\backend\app\main.py", line 26, in log_errors_middleware
    return await call_next(request)
           ^^^^^^^^^^^^^^^^^^^^^^^^
  File "C:\Users\sarth\AppData\Roaming\Python\Python314\site-packages\starlette\middleware\base.py", line 168, in call_next
    raise app_exc from app_exc.__cause__ or app_exc.__context__
  File "C:\Users\sarth\AppData\Roaming\Python\Python314\site-packages\starlette\middleware\base.py", line 144, in coro
    await self.app(scope, receive_or_disconnect, send_no_error)
  File "C:\Users\sarth\AppData\Roaming\Python\Python314\site-packages\starlette\middleware\exceptions.py", line 63, in __call__
    await wrap_app_handling_exceptions(self.app, conn)(scope, receive, send)
  File "C:\Users\sarth\AppData\Roaming\Python\Python314\site-packages\starlette\_exception_handler.py", line 53, in wrapped_app
    raise exc
  File "C:\Users\sarth\AppData\Roaming\Python\Python314\site-packages\starlette\_exception_handler.py", line 42, in wrapped_app
    await app(scope, receive, sender)
  File "C:\Users\sarth\AppData\Roaming\Python\Python314\site-packages\fastapi\middleware\asyncexitstack.py", line 18, in __call__
    await self.app(scope, receive, send)
  File "C:\Users\sarth\AppData\Roaming\Python\Python314\site-packages\starlette\routing.py", line 660, in __call__
    await self.middleware_stack(scope, receive, send)
  File "C:\Users\sarth\AppData\Roaming\Python\Python314\site-packages\starlette\routing.py", line 680, in app
    await route.handle(scope, receive, send)
  File "C:\Users\sarth\AppData\Roaming\Python\Python314\site-packages\starlette\routing.py", line 276, in handle
    await self.app(scope, receive, send)
  File "C:\Users\sarth\AppData\Roaming\Python\Python314\site-packages\fastapi\routing.py", line 134, in app
    await wrap_app_handling_exceptions(app, request)(scope, receive, send)
  File "C:\Users\sarth\AppData\Roaming\Python\Python314\site-packages\starlette\_exception_handler.py", line 53, in wrapped_app
    raise exc
  File "C:\Users\sarth\AppData\Roaming\Python\Python314\site-packages\starlette\_exception_handler.py", line 42, in wrapped_app
    await app(scope, receive, sender)
  File "C:\Users\sarth\AppData\Roaming\Python\Python314\site-packages\fastapi\routing.py", line 120, in app
    response = await f(request)
               ^^^^^^^^^^^^^^^^
  File "C:\Users\sarth\AppData\Roaming\Python\Python314\site-packages\fastapi\routing.py", line 674, in app
    raw_response = await run_endpoint_function(
                   ^^^^^^^^^^^^^^^^^^^^^^^^^^^^
    ...<3 lines>...
    )
    ^
  File "C:\Users\sarth\AppData\Roaming\Python\Python314\site-packages\fastapi\routing.py", line 328, in run_endpoint_function
    return await dependant.call(**values)
           ^^^^^^^^^^^^^^^^^^^^^^^^^^^^^^
  File "C:\Users\sarth\OneDrive\Desktop\JBooks\CarbonSense\backend\app\api\endpoints\drift.py", line 31, in get_drift_status
    return DriftStatusResponse(
        drift_detected=False,
    ...<3 lines>...
        adwin_width=32
    )
  File "C:\Users\sarth\AppData\Roaming\Python\Python314\site-packages\pydantic\main.py", line 263, in __init__
    validated_self = self.__pydantic_validator__.validate_python(data, self_instance=self)
pydantic_core._pydantic_core.ValidationError: 1 validation error for DriftStatusResponse
last_alarm_at
  Input should be a valid string [type=string_type, input_value=None, input_type=NoneType]
    For further information visit https://errors.pydantic.dev/2.13/v/string_type

2026-05-07 20:02:50,909 - root - ERROR - Error handling request http://127.0.0.1:8000/api/v1/drift/status: 1 validation error for DriftStatusResponse
last_alarm_at
  Input should be a valid string [type=string_type, input_value=None, input_type=NoneType]
    For further information visit https://errors.pydantic.dev/2.13/v/string_type
2026-05-07 20:02:50,912 - root - ERROR - Traceback (most recent call last):
  File "C:\Users\sarth\OneDrive\Desktop\JBooks\CarbonSense\backend\app\main.py", line 26, in log_errors_middleware
    return await call_next(request)
           ^^^^^^^^^^^^^^^^^^^^^^^^
  File "C:\Users\sarth\AppData\Roaming\Python\Python314\site-packages\starlette\middleware\base.py", line 168, in call_next
    raise app_exc from app_exc.__cause__ or app_exc.__context__
  File "C:\Users\sarth\AppData\Roaming\Python\Python314\site-packages\starlette\middleware\base.py", line 144, in coro
    await self.app(scope, receive_or_disconnect, send_no_error)
  File "C:\Users\sarth\AppData\Roaming\Python\Python314\site-packages\starlette\middleware\exceptions.py", line 63, in __call__
    await wrap_app_handling_exceptions(self.app, conn)(scope, receive, send)
  File "C:\Users\sarth\AppData\Roaming\Python\Python314\site-packages\starlette\_exception_handler.py", line 53, in wrapped_app
    raise exc
  File "C:\Users\sarth\AppData\Roaming\Python\Python314\site-packages\starlette\_exception_handler.py", line 42, in wrapped_app
    await app(scope, receive, sender)
  File "C:\Users\sarth\AppData\Roaming\Python\Python314\site-packages\fastapi\middleware\asyncexitstack.py", line 18, in __call__
    await self.app(scope, receive, send)
  File "C:\Users\sarth\AppData\Roaming\Python\Python314\site-packages\starlette\routing.py", line 660, in __call__
    await self.middleware_stack(scope, receive, send)
  File "C:\Users\sarth\AppData\Roaming\Python\Python314\site-packages\starlette\routing.py", line 680, in app
    await route.handle(scope, receive, send)
  File "C:\Users\sarth\AppData\Roaming\Python\Python314\site-packages\starlette\routing.py", line 276, in handle
    await self.app(scope, receive, send)
  File "C:\Users\sarth\AppData\Roaming\Python\Python314\site-packages\fastapi\routing.py", line 134, in app
    await wrap_app_handling_exceptions(app, request)(scope, receive, send)
  File "C:\Users\sarth\AppData\Roaming\Python\Python314\site-packages\starlette\_exception_handler.py", line 53, in wrapped_app
    raise exc
  File "C:\Users\sarth\AppData\Roaming\Python\Python314\site-packages\starlette\_exception_handler.py", line 42, in wrapped_app
    await app(scope, receive, sender)
  File "C:\Users\sarth\AppData\Roaming\Python\Python314\site-packages\fastapi\routing.py", line 120, in app
    response = await f(request)
               ^^^^^^^^^^^^^^^^
  File "C:\Users\sarth\AppData\Roaming\Python\Python314\site-packages\fastapi\routing.py", line 674, in app
    raw_response = await run_endpoint_function(
                   ^^^^^^^^^^^^^^^^^^^^^^^^^^^^
    ...<3 lines>...
    )
    ^
  File "C:\Users\sarth\AppData\Roaming\Python\Python314\site-packages\fastapi\routing.py", line 328, in run_endpoint_function
    return await dependant.call(**values)
           ^^^^^^^^^^^^^^^^^^^^^^^^^^^^^^
  File "C:\Users\sarth\OneDrive\Desktop\JBooks\CarbonSense\backend\app\api\endpoints\drift.py", line 31, in get_drift_status
    return DriftStatusResponse(
        drift_detected=False,
    ...<3 lines>...
        adwin_width=32
    )
  File "C:\Users\sarth\AppData\Roaming\Python\Python314\site-packages\pydantic\main.py", line 263, in __init__
    validated_self = self.__pydantic_validator__.validate_python(data, self_instance=self)
pydantic_core._pydantic_core.ValidationError: 1 validation error for DriftStatusResponse
last_alarm_at
  Input should be a valid string [type=string_type, input_value=None, input_type=NoneType]
    For further information visit https://errors.pydantic.dev/2.13/v/string_type

2026-05-07 20:02:55,894 - root - ERROR - Error handling request http://127.0.0.1:8000/api/v1/drift/status: 1 validation error for DriftStatusResponse
last_alarm_at
  Input should be a valid string [type=string_type, input_value=None, input_type=NoneType]
    For further information visit https://errors.pydantic.dev/2.13/v/string_type
2026-05-07 20:02:55,898 - root - ERROR - Traceback (most recent call last):
  File "C:\Users\sarth\OneDrive\Desktop\JBooks\CarbonSense\backend\app\main.py", line 26, in log_errors_middleware
    return await call_next(request)
           ^^^^^^^^^^^^^^^^^^^^^^^^
  File "C:\Users\sarth\AppData\Roaming\Python\Python314\site-packages\starlette\middleware\base.py", line 168, in call_next
    raise app_exc from app_exc.__cause__ or app_exc.__context__
  File "C:\Users\sarth\AppData\Roaming\Python\Python314\site-packages\starlette\middleware\base.py", line 144, in coro
    await self.app(scope, receive_or_disconnect, send_no_error)
  File "C:\Users\sarth\AppData\Roaming\Python\Python314\site-packages\starlette\middleware\exceptions.py", line 63, in __call__
    await wrap_app_handling_exceptions(self.app, conn)(scope, receive, send)
  File "C:\Users\sarth\AppData\Roaming\Python\Python314\site-packages\starlette\_exception_handler.py", line 53, in wrapped_app
    raise exc
  File "C:\Users\sarth\AppData\Roaming\Python\Python314\site-packages\starlette\_exception_handler.py", line 42, in wrapped_app
    await app(scope, receive, sender)
  File "C:\Users\sarth\AppData\Roaming\Python\Python314\site-packages\fastapi\middleware\asyncexitstack.py", line 18, in __call__
    await self.app(scope, receive, send)
  File "C:\Users\sarth\AppData\Roaming\Python\Python314\site-packages\starlette\routing.py", line 660, in __call__
    await self.middleware_stack(scope, receive, send)
  File "C:\Users\sarth\AppData\Roaming\Python\Python314\site-packages\starlette\routing.py", line 680, in app
    await route.handle(scope, receive, send)
  File "C:\Users\sarth\AppData\Roaming\Python\Python314\site-packages\starlette\routing.py", line 276, in handle
    await self.app(scope, receive, send)
  File "C:\Users\sarth\AppData\Roaming\Python\Python314\site-packages\fastapi\routing.py", line 134, in app
    await wrap_app_handling_exceptions(app, request)(scope, receive, send)
  File "C:\Users\sarth\AppData\Roaming\Python\Python314\site-packages\starlette\_exception_handler.py", line 53, in wrapped_app
    raise exc
  File "C:\Users\sarth\AppData\Roaming\Python\Python314\site-packages\starlette\_exception_handler.py", line 42, in wrapped_app
    await app(scope, receive, sender)
  File "C:\Users\sarth\AppData\Roaming\Python\Python314\site-packages\fastapi\routing.py", line 120, in app
    response = await f(request)
               ^^^^^^^^^^^^^^^^
  File "C:\Users\sarth\AppData\Roaming\Python\Python314\site-packages\fastapi\routing.py", line 674, in app
    raw_response = await run_endpoint_function(
                   ^^^^^^^^^^^^^^^^^^^^^^^^^^^^
    ...<3 lines>...
    )
    ^
  File "C:\Users\sarth\AppData\Roaming\Python\Python314\site-packages\fastapi\routing.py", line 328, in run_endpoint_function
    return await dependant.call(**values)
           ^^^^^^^^^^^^^^^^^^^^^^^^^^^^^^
  File "C:\Users\sarth\OneDrive\Desktop\JBooks\CarbonSense\backend\app\api\endpoints\drift.py", line 31, in get_drift_status
    return DriftStatusResponse(
        drift_detected=False,
    ...<3 lines>...
        adwin_width=32
    )
  File "C:\Users\sarth\AppData\Roaming\Python\Python314\site-packages\pydantic\main.py", line 263, in __init__
    validated_self = self.__pydantic_validator__.validate_python(data, self_instance=self)
pydantic_core._pydantic_core.ValidationError: 1 validation error for DriftStatusResponse
last_alarm_at
  Input should be a valid string [type=string_type, input_value=None, input_type=NoneType]
    For further information visit https://errors.pydantic.dev/2.13/v/string_type

2026-05-07 20:02:55,905 - root - ERROR - Error handling request http://127.0.0.1:8000/api/v1/drift/status: 1 validation error for DriftStatusResponse
last_alarm_at
  Input should be a valid string [type=string_type, input_value=None, input_type=NoneType]
    For further information visit https://errors.pydantic.dev/2.13/v/string_type
2026-05-07 20:02:55,908 - root - ERROR - Traceback (most recent call last):
  File "C:\Users\sarth\OneDrive\Desktop\JBooks\CarbonSense\backend\app\main.py", line 26, in log_errors_middleware
    return await call_next(request)
           ^^^^^^^^^^^^^^^^^^^^^^^^
  File "C:\Users\sarth\AppData\Roaming\Python\Python314\site-packages\starlette\middleware\base.py", line 168, in call_next
    raise app_exc from app_exc.__cause__ or app_exc.__context__
  File "C:\Users\sarth\AppData\Roaming\Python\Python314\site-packages\starlette\middleware\base.py", line 144, in coro
    await self.app(scope, receive_or_disconnect, send_no_error)
  File "C:\Users\sarth\AppData\Roaming\Python\Python314\site-packages\starlette\middleware\exceptions.py", line 63, in __call__
    await wrap_app_handling_exceptions(self.app, conn)(scope, receive, send)
  File "C:\Users\sarth\AppData\Roaming\Python\Python314\site-packages\starlette\_exception_handler.py", line 53, in wrapped_app
    raise exc
  File "C:\Users\sarth\AppData\Roaming\Python\Python314\site-packages\starlette\_exception_handler.py", line 42, in wrapped_app
    await app(scope, receive, sender)
  File "C:\Users\sarth\AppData\Roaming\Python\Python314\site-packages\fastapi\middleware\asyncexitstack.py", line 18, in __call__
    await self.app(scope, receive, send)
  File "C:\Users\sarth\AppData\Roaming\Python\Python314\site-packages\starlette\routing.py", line 660, in __call__
    await self.middleware_stack(scope, receive, send)
  File "C:\Users\sarth\AppData\Roaming\Python\Python314\site-packages\starlette\routing.py", line 680, in app
    await route.handle(scope, receive, send)
  File "C:\Users\sarth\AppData\Roaming\Python\Python314\site-packages\starlette\routing.py", line 276, in handle
    await self.app(scope, receive, send)
  File "C:\Users\sarth\AppData\Roaming\Python\Python314\site-packages\fastapi\routing.py", line 134, in app
    await wrap_app_handling_exceptions(app, request)(scope, receive, send)
  File "C:\Users\sarth\AppData\Roaming\Python\Python314\site-packages\starlette\_exception_handler.py", line 53, in wrapped_app
    raise exc
  File "C:\Users\sarth\AppData\Roaming\Python\Python314\site-packages\starlette\_exception_handler.py", line 42, in wrapped_app
    await app(scope, receive, sender)
  File "C:\Users\sarth\AppData\Roaming\Python\Python314\site-packages\fastapi\routing.py", line 120, in app
    response = await f(request)
               ^^^^^^^^^^^^^^^^
  File "C:\Users\sarth\AppData\Roaming\Python\Python314\site-packages\fastapi\routing.py", line 674, in app
    raw_response = await run_endpoint_function(
                   ^^^^^^^^^^^^^^^^^^^^^^^^^^^^
    ...<3 lines>...
    )
    ^
  File "C:\Users\sarth\AppData\Roaming\Python\Python314\site-packages\fastapi\routing.py", line 328, in run_endpoint_function
    return await dependant.call(**values)
           ^^^^^^^^^^^^^^^^^^^^^^^^^^^^^^
  File "C:\Users\sarth\OneDrive\Desktop\JBooks\CarbonSense\backend\app\api\endpoints\drift.py", line 31, in get_drift_status
    return DriftStatusResponse(
        drift_detected=False,
    ...<3 lines>...
        adwin_width=32
    )
  File "C:\Users\sarth\AppData\Roaming\Python\Python314\site-packages\pydantic\main.py", line 263, in __init__
    validated_self = self.__pydantic_validator__.validate_python(data, self_instance=self)
pydantic_core._pydantic_core.ValidationError: 1 validation error for DriftStatusResponse
last_alarm_at
  Input should be a valid string [type=string_type, input_value=None, input_type=NoneType]
    For further information visit https://errors.pydantic.dev/2.13/v/string_type

2026-05-07 20:02:55,917 - root - ERROR - Error handling request http://127.0.0.1:8000/api/v1/drift/status: 1 validation error for DriftStatusResponse
last_alarm_at
  Input should be a valid string [type=string_type, input_value=None, input_type=NoneType]
    For further information visit https://errors.pydantic.dev/2.13/v/string_type
2026-05-07 20:02:55,919 - root - ERROR - Traceback (most recent call last):
  File "C:\Users\sarth\OneDrive\Desktop\JBooks\CarbonSense\backend\app\main.py", line 26, in log_errors_middleware
    return await call_next(request)
           ^^^^^^^^^^^^^^^^^^^^^^^^
  File "C:\Users\sarth\AppData\Roaming\Python\Python314\site-packages\starlette\middleware\base.py", line 168, in call_next
    raise app_exc from app_exc.__cause__ or app_exc.__context__
  File "C:\Users\sarth\AppData\Roaming\Python\Python314\site-packages\starlette\middleware\base.py", line 144, in coro
    await self.app(scope, receive_or_disconnect, send_no_error)
  File "C:\Users\sarth\AppData\Roaming\Python\Python314\site-packages\starlette\middleware\exceptions.py", line 63, in __call__
    await wrap_app_handling_exceptions(self.app, conn)(scope, receive, send)
  File "C:\Users\sarth\AppData\Roaming\Python\Python314\site-packages\starlette\_exception_handler.py", line 53, in wrapped_app
    raise exc
  File "C:\Users\sarth\AppData\Roaming\Python\Python314\site-packages\starlette\_exception_handler.py", line 42, in wrapped_app
    await app(scope, receive, sender)
  File "C:\Users\sarth\AppData\Roaming\Python\Python314\site-packages\fastapi\middleware\asyncexitstack.py", line 18, in __call__
    await self.app(scope, receive, send)
  File "C:\Users\sarth\AppData\Roaming\Python\Python314\site-packages\starlette\routing.py", line 660, in __call__
    await self.middleware_stack(scope, receive, send)
  File "C:\Users\sarth\AppData\Roaming\Python\Python314\site-packages\starlette\routing.py", line 680, in app
    await route.handle(scope, receive, send)
  File "C:\Users\sarth\AppData\Roaming\Python\Python314\site-packages\starlette\routing.py", line 276, in handle
    await self.app(scope, receive, send)
  File "C:\Users\sarth\AppData\Roaming\Python\Python314\site-packages\fastapi\routing.py", line 134, in app
    await wrap_app_handling_exceptions(app, request)(scope, receive, send)
  File "C:\Users\sarth\AppData\Roaming\Python\Python314\site-packages\starlette\_exception_handler.py", line 53, in wrapped_app
    raise exc
  File "C:\Users\sarth\AppData\Roaming\Python\Python314\site-packages\starlette\_exception_handler.py", line 42, in wrapped_app
    await app(scope, receive, sender)
  File "C:\Users\sarth\AppData\Roaming\Python\Python314\site-packages\fastapi\routing.py", line 120, in app
    response = await f(request)
               ^^^^^^^^^^^^^^^^
  File "C:\Users\sarth\AppData\Roaming\Python\Python314\site-packages\fastapi\routing.py", line 674, in app
    raw_response = await run_endpoint_function(
                   ^^^^^^^^^^^^^^^^^^^^^^^^^^^^
    ...<3 lines>...
    )
    ^
  File "C:\Users\sarth\AppData\Roaming\Python\Python314\site-packages\fastapi\routing.py", line 328, in run_endpoint_function
    return await dependant.call(**values)
           ^^^^^^^^^^^^^^^^^^^^^^^^^^^^^^
  File "C:\Users\sarth\OneDrive\Desktop\JBooks\CarbonSense\backend\app\api\endpoints\drift.py", line 31, in get_drift_status
    return DriftStatusResponse(
        drift_detected=False,
    ...<3 lines>...
        adwin_width=32
    )
  File "C:\Users\sarth\AppData\Roaming\Python\Python314\site-packages\pydantic\main.py", line 263, in __init__
    validated_self = self.__pydantic_validator__.validate_python(data, self_instance=self)
pydantic_core._pydantic_core.ValidationError: 1 validation error for DriftStatusResponse
last_alarm_at
  Input should be a valid string [type=string_type, input_value=None, input_type=NoneType]
    For further information visit https://errors.pydantic.dev/2.13/v/string_type

2026-05-07 20:03:00,885 - root - ERROR - Error handling request http://127.0.0.1:8000/api/v1/drift/status: 1 validation error for DriftStatusResponse
last_alarm_at
  Input should be a valid string [type=string_type, input_value=None, input_type=NoneType]
    For further information visit https://errors.pydantic.dev/2.13/v/string_type
2026-05-07 20:03:00,888 - root - ERROR - Traceback (most recent call last):
  File "C:\Users\sarth\OneDrive\Desktop\JBooks\CarbonSense\backend\app\main.py", line 26, in log_errors_middleware
    return await call_next(request)
           ^^^^^^^^^^^^^^^^^^^^^^^^
  File "C:\Users\sarth\AppData\Roaming\Python\Python314\site-packages\starlette\middleware\base.py", line 168, in call_next
    raise app_exc from app_exc.__cause__ or app_exc.__context__
  File "C:\Users\sarth\AppData\Roaming\Python\Python314\site-packages\starlette\middleware\base.py", line 144, in coro
    await self.app(scope, receive_or_disconnect, send_no_error)
  File "C:\Users\sarth\AppData\Roaming\Python\Python314\site-packages\starlette\middleware\exceptions.py", line 63, in __call__
    await wrap_app_handling_exceptions(self.app, conn)(scope, receive, send)
  File "C:\Users\sarth\AppData\Roaming\Python\Python314\site-packages\starlette\_exception_handler.py", line 53, in wrapped_app
    raise exc
  File "C:\Users\sarth\AppData\Roaming\Python\Python314\site-packages\starlette\_exception_handler.py", line 42, in wrapped_app
    await app(scope, receive, sender)
  File "C:\Users\sarth\AppData\Roaming\Python\Python314\site-packages\fastapi\middleware\asyncexitstack.py", line 18, in __call__
    await self.app(scope, receive, send)
  File "C:\Users\sarth\AppData\Roaming\Python\Python314\site-packages\starlette\routing.py", line 660, in __call__
    await self.middleware_stack(scope, receive, send)
  File "C:\Users\sarth\AppData\Roaming\Python\Python314\site-packages\starlette\routing.py", line 680, in app
    await route.handle(scope, receive, send)
  File "C:\Users\sarth\AppData\Roaming\Python\Python314\site-packages\starlette\routing.py", line 276, in handle
    await self.app(scope, receive, send)
  File "C:\Users\sarth\AppData\Roaming\Python\Python314\site-packages\fastapi\routing.py", line 134, in app
    await wrap_app_handling_exceptions(app, request)(scope, receive, send)
  File "C:\Users\sarth\AppData\Roaming\Python\Python314\site-packages\starlette\_exception_handler.py", line 53, in wrapped_app
    raise exc
  File "C:\Users\sarth\AppData\Roaming\Python\Python314\site-packages\starlette\_exception_handler.py", line 42, in wrapped_app
    await app(scope, receive, sender)
  File "C:\Users\sarth\AppData\Roaming\Python\Python314\site-packages\fastapi\routing.py", line 120, in app
    response = await f(request)
               ^^^^^^^^^^^^^^^^
  File "C:\Users\sarth\AppData\Roaming\Python\Python314\site-packages\fastapi\routing.py", line 674, in app
    raw_response = await run_endpoint_function(
                   ^^^^^^^^^^^^^^^^^^^^^^^^^^^^
    ...<3 lines>...
    )
    ^
  File "C:\Users\sarth\AppData\Roaming\Python\Python314\site-packages\fastapi\routing.py", line 328, in run_endpoint_function
    return await dependant.call(**values)
           ^^^^^^^^^^^^^^^^^^^^^^^^^^^^^^
  File "C:\Users\sarth\OneDrive\Desktop\JBooks\CarbonSense\backend\app\api\endpoints\drift.py", line 31, in get_drift_status
    return DriftStatusResponse(
        drift_detected=False,
    ...<3 lines>...
        adwin_width=32
    )
  File "C:\Users\sarth\AppData\Roaming\Python\Python314\site-packages\pydantic\main.py", line 263, in __init__
    validated_self = self.__pydantic_validator__.validate_python(data, self_instance=self)
pydantic_core._pydantic_core.ValidationError: 1 validation error for DriftStatusResponse
last_alarm_at
  Input should be a valid string [type=string_type, input_value=None, input_type=NoneType]
    For further information visit https://errors.pydantic.dev/2.13/v/string_type

2026-05-07 20:03:05,914 - root - ERROR - Error handling request http://127.0.0.1:8000/api/v1/drift/status: 1 validation error for DriftStatusResponse
last_alarm_at
  Input should be a valid string [type=string_type, input_value=None, input_type=NoneType]
    For further information visit https://errors.pydantic.dev/2.13/v/string_type
2026-05-07 20:03:05,917 - root - ERROR - Traceback (most recent call last):
  File "C:\Users\sarth\OneDrive\Desktop\JBooks\CarbonSense\backend\app\main.py", line 26, in log_errors_middleware
    return await call_next(request)
           ^^^^^^^^^^^^^^^^^^^^^^^^
  File "C:\Users\sarth\AppData\Roaming\Python\Python314\site-packages\starlette\middleware\base.py", line 168, in call_next
    raise app_exc from app_exc.__cause__ or app_exc.__context__
  File "C:\Users\sarth\AppData\Roaming\Python\Python314\site-packages\starlette\middleware\base.py", line 144, in coro
    await self.app(scope, receive_or_disconnect, send_no_error)
  File "C:\Users\sarth\AppData\Roaming\Python\Python314\site-packages\starlette\middleware\exceptions.py", line 63, in __call__
    await wrap_app_handling_exceptions(self.app, conn)(scope, receive, send)
  File "C:\Users\sarth\AppData\Roaming\Python\Python314\site-packages\starlette\_exception_handler.py", line 53, in wrapped_app
    raise exc
  File "C:\Users\sarth\AppData\Roaming\Python\Python314\site-packages\starlette\_exception_handler.py", line 42, in wrapped_app
    await app(scope, receive, sender)
  File "C:\Users\sarth\AppData\Roaming\Python\Python314\site-packages\fastapi\middleware\asyncexitstack.py", line 18, in __call__
    await self.app(scope, receive, send)
  File "C:\Users\sarth\AppData\Roaming\Python\Python314\site-packages\starlette\routing.py", line 660, in __call__
    await self.middleware_stack(scope, receive, send)
  File "C:\Users\sarth\AppData\Roaming\Python\Python314\site-packages\starlette\routing.py", line 680, in app
    await route.handle(scope, receive, send)
  File "C:\Users\sarth\AppData\Roaming\Python\Python314\site-packages\starlette\routing.py", line 276, in handle
    await self.app(scope, receive, send)
  File "C:\Users\sarth\AppData\Roaming\Python\Python314\site-packages\fastapi\routing.py", line 134, in app
    await wrap_app_handling_exceptions(app, request)(scope, receive, send)
  File "C:\Users\sarth\AppData\Roaming\Python\Python314\site-packages\starlette\_exception_handler.py", line 53, in wrapped_app
    raise exc
  File "C:\Users\sarth\AppData\Roaming\Python\Python314\site-packages\starlette\_exception_handler.py", line 42, in wrapped_app
    await app(scope, receive, sender)
  File "C:\Users\sarth\AppData\Roaming\Python\Python314\site-packages\fastapi\routing.py", line 120, in app
    response = await f(request)
               ^^^^^^^^^^^^^^^^
  File "C:\Users\sarth\AppData\Roaming\Python\Python314\site-packages\fastapi\routing.py", line 674, in app
    raw_response = await run_endpoint_function(
                   ^^^^^^^^^^^^^^^^^^^^^^^^^^^^
    ...<3 lines>...
    )
    ^
  File "C:\Users\sarth\AppData\Roaming\Python\Python314\site-packages\fastapi\routing.py", line 328, in run_endpoint_function
    return await dependant.call(**values)
           ^^^^^^^^^^^^^^^^^^^^^^^^^^^^^^
  File "C:\Users\sarth\OneDrive\Desktop\JBooks\CarbonSense\backend\app\api\endpoints\drift.py", line 31, in get_drift_status
    return DriftStatusResponse(
        drift_detected=False,
    ...<3 lines>...
        adwin_width=32
    )
  File "C:\Users\sarth\AppData\Roaming\Python\Python314\site-packages\pydantic\main.py", line 263, in __init__
    validated_self = self.__pydantic_validator__.validate_python(data, self_instance=self)
pydantic_core._pydantic_core.ValidationError: 1 validation error for DriftStatusResponse
last_alarm_at
  Input should be a valid string [type=string_type, input_value=None, input_type=NoneType]
    For further information visit https://errors.pydantic.dev/2.13/v/string_type

2026-05-07 20:03:05,926 - root - ERROR - Error handling request http://127.0.0.1:8000/api/v1/drift/status: 1 validation error for DriftStatusResponse
last_alarm_at
  Input should be a valid string [type=string_type, input_value=None, input_type=NoneType]
    For further information visit https://errors.pydantic.dev/2.13/v/string_type
2026-05-07 20:03:05,929 - root - ERROR - Traceback (most recent call last):
  File "C:\Users\sarth\OneDrive\Desktop\JBooks\CarbonSense\backend\app\main.py", line 26, in log_errors_middleware
    return await call_next(request)
           ^^^^^^^^^^^^^^^^^^^^^^^^
  File "C:\Users\sarth\AppData\Roaming\Python\Python314\site-packages\starlette\middleware\base.py", line 168, in call_next
    raise app_exc from app_exc.__cause__ or app_exc.__context__
  File "C:\Users\sarth\AppData\Roaming\Python\Python314\site-packages\starlette\middleware\base.py", line 144, in coro
    await self.app(scope, receive_or_disconnect, send_no_error)
  File "C:\Users\sarth\AppData\Roaming\Python\Python314\site-packages\starlette\middleware\exceptions.py", line 63, in __call__
    await wrap_app_handling_exceptions(self.app, conn)(scope, receive, send)
  File "C:\Users\sarth\AppData\Roaming\Python\Python314\site-packages\starlette\_exception_handler.py", line 53, in wrapped_app
    raise exc
  File "C:\Users\sarth\AppData\Roaming\Python\Python314\site-packages\starlette\_exception_handler.py", line 42, in wrapped_app
    await app(scope, receive, sender)
  File "C:\Users\sarth\AppData\Roaming\Python\Python314\site-packages\fastapi\middleware\asyncexitstack.py", line 18, in __call__
    await self.app(scope, receive, send)
  File "C:\Users\sarth\AppData\Roaming\Python\Python314\site-packages\starlette\routing.py", line 660, in __call__
    await self.middleware_stack(scope, receive, send)
  File "C:\Users\sarth\AppData\Roaming\Python\Python314\site-packages\starlette\routing.py", line 680, in app
    await route.handle(scope, receive, send)
  File "C:\Users\sarth\AppData\Roaming\Python\Python314\site-packages\starlette\routing.py", line 276, in handle
    await self.app(scope, receive, send)
  File "C:\Users\sarth\AppData\Roaming\Python\Python314\site-packages\fastapi\routing.py", line 134, in app
    await wrap_app_handling_exceptions(app, request)(scope, receive, send)
  File "C:\Users\sarth\AppData\Roaming\Python\Python314\site-packages\starlette\_exception_handler.py", line 53, in wrapped_app
    raise exc
  File "C:\Users\sarth\AppData\Roaming\Python\Python314\site-packages\starlette\_exception_handler.py", line 42, in wrapped_app
    await app(scope, receive, sender)
  File "C:\Users\sarth\AppData\Roaming\Python\Python314\site-packages\fastapi\routing.py", line 120, in app
    response = await f(request)
               ^^^^^^^^^^^^^^^^
  File "C:\Users\sarth\AppData\Roaming\Python\Python314\site-packages\fastapi\routing.py", line 674, in app
    raw_response = await run_endpoint_function(
                   ^^^^^^^^^^^^^^^^^^^^^^^^^^^^
    ...<3 lines>...
    )
    ^
  File "C:\Users\sarth\AppData\Roaming\Python\Python314\site-packages\fastapi\routing.py", line 328, in run_endpoint_function
    return await dependant.call(**values)
           ^^^^^^^^^^^^^^^^^^^^^^^^^^^^^^
  File "C:\Users\sarth\OneDrive\Desktop\JBooks\CarbonSense\backend\app\api\endpoints\drift.py", line 31, in get_drift_status
    return DriftStatusResponse(
        drift_detected=False,
    ...<3 lines>...
        adwin_width=32
    )
  File "C:\Users\sarth\AppData\Roaming\Python\Python314\site-packages\pydantic\main.py", line 263, in __init__
    validated_self = self.__pydantic_validator__.validate_python(data, self_instance=self)
pydantic_core._pydantic_core.ValidationError: 1 validation error for DriftStatusResponse
last_alarm_at
  Input should be a valid string [type=string_type, input_value=None, input_type=NoneType]
    For further information visit https://errors.pydantic.dev/2.13/v/string_type

2026-05-07 20:03:05,940 - root - ERROR - Error handling request http://127.0.0.1:8000/api/v1/drift/status: 1 validation error for DriftStatusResponse
last_alarm_at
  Input should be a valid string [type=string_type, input_value=None, input_type=NoneType]
    For further information visit https://errors.pydantic.dev/2.13/v/string_type
2026-05-07 20:03:05,942 - root - ERROR - Traceback (most recent call last):
  File "C:\Users\sarth\OneDrive\Desktop\JBooks\CarbonSense\backend\app\main.py", line 26, in log_errors_middleware
    return await call_next(request)
           ^^^^^^^^^^^^^^^^^^^^^^^^
  File "C:\Users\sarth\AppData\Roaming\Python\Python314\site-packages\starlette\middleware\base.py", line 168, in call_next
    raise app_exc from app_exc.__cause__ or app_exc.__context__
  File "C:\Users\sarth\AppData\Roaming\Python\Python314\site-packages\starlette\middleware\base.py", line 144, in coro
    await self.app(scope, receive_or_disconnect, send_no_error)
  File "C:\Users\sarth\AppData\Roaming\Python\Python314\site-packages\starlette\middleware\exceptions.py", line 63, in __call__
    await wrap_app_handling_exceptions(self.app, conn)(scope, receive, send)
  File "C:\Users\sarth\AppData\Roaming\Python\Python314\site-packages\starlette\_exception_handler.py", line 53, in wrapped_app
    raise exc
  File "C:\Users\sarth\AppData\Roaming\Python\Python314\site-packages\starlette\_exception_handler.py", line 42, in wrapped_app
    await app(scope, receive, sender)
  File "C:\Users\sarth\AppData\Roaming\Python\Python314\site-packages\fastapi\middleware\asyncexitstack.py", line 18, in __call__
    await self.app(scope, receive, send)
  File "C:\Users\sarth\AppData\Roaming\Python\Python314\site-packages\starlette\routing.py", line 660, in __call__
    await self.middleware_stack(scope, receive, send)
  File "C:\Users\sarth\AppData\Roaming\Python\Python314\site-packages\starlette\routing.py", line 680, in app
    await route.handle(scope, receive, send)
  File "C:\Users\sarth\AppData\Roaming\Python\Python314\site-packages\starlette\routing.py", line 276, in handle
    await self.app(scope, receive, send)
  File "C:\Users\sarth\AppData\Roaming\Python\Python314\site-packages\fastapi\routing.py", line 134, in app
    await wrap_app_handling_exceptions(app, request)(scope, receive, send)
  File "C:\Users\sarth\AppData\Roaming\Python\Python314\site-packages\starlette\_exception_handler.py", line 53, in wrapped_app
    raise exc
  File "C:\Users\sarth\AppData\Roaming\Python\Python314\site-packages\starlette\_exception_handler.py", line 42, in wrapped_app
    await app(scope, receive, sender)
  File "C:\Users\sarth\AppData\Roaming\Python\Python314\site-packages\fastapi\routing.py", line 120, in app
    response = await f(request)
               ^^^^^^^^^^^^^^^^
  File "C:\Users\sarth\AppData\Roaming\Python\Python314\site-packages\fastapi\routing.py", line 674, in app
    raw_response = await run_endpoint_function(
                   ^^^^^^^^^^^^^^^^^^^^^^^^^^^^
    ...<3 lines>...
    )
    ^
  File "C:\Users\sarth\AppData\Roaming\Python\Python314\site-packages\fastapi\routing.py", line 328, in run_endpoint_function
    return await dependant.call(**values)
           ^^^^^^^^^^^^^^^^^^^^^^^^^^^^^^
  File "C:\Users\sarth\OneDrive\Desktop\JBooks\CarbonSense\backend\app\api\endpoints\drift.py", line 31, in get_drift_status
    return DriftStatusResponse(
        drift_detected=False,
    ...<3 lines>...
        adwin_width=32
    )
  File "C:\Users\sarth\AppData\Roaming\Python\Python314\site-packages\pydantic\main.py", line 263, in __init__
    validated_self = self.__pydantic_validator__.validate_python(data, self_instance=self)
pydantic_core._pydantic_core.ValidationError: 1 validation error for DriftStatusResponse
last_alarm_at
  Input should be a valid string [type=string_type, input_value=None, input_type=NoneType]
    For further information visit https://errors.pydantic.dev/2.13/v/string_type

2026-05-07 20:03:10,906 - root - ERROR - Error handling request http://127.0.0.1:8000/api/v1/drift/status: 1 validation error for DriftStatusResponse
last_alarm_at
  Input should be a valid string [type=string_type, input_value=None, input_type=NoneType]
    For further information visit https://errors.pydantic.dev/2.13/v/string_type
2026-05-07 20:03:10,908 - root - ERROR - Traceback (most recent call last):
  File "C:\Users\sarth\OneDrive\Desktop\JBooks\CarbonSense\backend\app\main.py", line 26, in log_errors_middleware
    return await call_next(request)
           ^^^^^^^^^^^^^^^^^^^^^^^^
  File "C:\Users\sarth\AppData\Roaming\Python\Python314\site-packages\starlette\middleware\base.py", line 168, in call_next
    raise app_exc from app_exc.__cause__ or app_exc.__context__
  File "C:\Users\sarth\AppData\Roaming\Python\Python314\site-packages\starlette\middleware\base.py", line 144, in coro
    await self.app(scope, receive_or_disconnect, send_no_error)
  File "C:\Users\sarth\AppData\Roaming\Python\Python314\site-packages\starlette\middleware\exceptions.py", line 63, in __call__
    await wrap_app_handling_exceptions(self.app, conn)(scope, receive, send)
  File "C:\Users\sarth\AppData\Roaming\Python\Python314\site-packages\starlette\_exception_handler.py", line 53, in wrapped_app
    raise exc
  File "C:\Users\sarth\AppData\Roaming\Python\Python314\site-packages\starlette\_exception_handler.py", line 42, in wrapped_app
    await app(scope, receive, sender)
  File "C:\Users\sarth\AppData\Roaming\Python\Python314\site-packages\fastapi\middleware\asyncexitstack.py", line 18, in __call__
    await self.app(scope, receive, send)
  File "C:\Users\sarth\AppData\Roaming\Python\Python314\site-packages\starlette\routing.py", line 660, in __call__
    await self.middleware_stack(scope, receive, send)
  File "C:\Users\sarth\AppData\Roaming\Python\Python314\site-packages\starlette\routing.py", line 680, in app
    await route.handle(scope, receive, send)
  File "C:\Users\sarth\AppData\Roaming\Python\Python314\site-packages\starlette\routing.py", line 276, in handle
    await self.app(scope, receive, send)
  File "C:\Users\sarth\AppData\Roaming\Python\Python314\site-packages\fastapi\routing.py", line 134, in app
    await wrap_app_handling_exceptions(app, request)(scope, receive, send)
  File "C:\Users\sarth\AppData\Roaming\Python\Python314\site-packages\starlette\_exception_handler.py", line 53, in wrapped_app
    raise exc
  File "C:\Users\sarth\AppData\Roaming\Python\Python314\site-packages\starlette\_exception_handler.py", line 42, in wrapped_app
    await app(scope, receive, sender)
  File "C:\Users\sarth\AppData\Roaming\Python\Python314\site-packages\fastapi\routing.py", line 120, in app
    response = await f(request)
               ^^^^^^^^^^^^^^^^
  File "C:\Users\sarth\AppData\Roaming\Python\Python314\site-packages\fastapi\routing.py", line 674, in app
    raw_response = await run_endpoint_function(
                   ^^^^^^^^^^^^^^^^^^^^^^^^^^^^
    ...<3 lines>...
    )
    ^
  File "C:\Users\sarth\AppData\Roaming\Python\Python314\site-packages\fastapi\routing.py", line 328, in run_endpoint_function
    return await dependant.call(**values)
           ^^^^^^^^^^^^^^^^^^^^^^^^^^^^^^
  File "C:\Users\sarth\OneDrive\Desktop\JBooks\CarbonSense\backend\app\api\endpoints\drift.py", line 31, in get_drift_status
    return DriftStatusResponse(
        drift_detected=False,
    ...<3 lines>...
        adwin_width=32
    )
  File "C:\Users\sarth\AppData\Roaming\Python\Python314\site-packages\pydantic\main.py", line 263, in __init__
    validated_self = self.__pydantic_validator__.validate_python(data, self_instance=self)
pydantic_core._pydantic_core.ValidationError: 1 validation error for DriftStatusResponse
last_alarm_at
  Input should be a valid string [type=string_type, input_value=None, input_type=NoneType]
    For further information visit https://errors.pydantic.dev/2.13/v/string_type

2026-05-07 20:03:15,887 - root - ERROR - Error handling request http://127.0.0.1:8000/api/v1/drift/status: 1 validation error for DriftStatusResponse
last_alarm_at
  Input should be a valid string [type=string_type, input_value=None, input_type=NoneType]
    For further information visit https://errors.pydantic.dev/2.13/v/string_type
2026-05-07 20:03:15,889 - root - ERROR - Traceback (most recent call last):
  File "C:\Users\sarth\OneDrive\Desktop\JBooks\CarbonSense\backend\app\main.py", line 26, in log_errors_middleware
    return await call_next(request)
           ^^^^^^^^^^^^^^^^^^^^^^^^
  File "C:\Users\sarth\AppData\Roaming\Python\Python314\site-packages\starlette\middleware\base.py", line 168, in call_next
    raise app_exc from app_exc.__cause__ or app_exc.__context__
  File "C:\Users\sarth\AppData\Roaming\Python\Python314\site-packages\starlette\middleware\base.py", line 144, in coro
    await self.app(scope, receive_or_disconnect, send_no_error)
  File "C:\Users\sarth\AppData\Roaming\Python\Python314\site-packages\starlette\middleware\exceptions.py", line 63, in __call__
    await wrap_app_handling_exceptions(self.app, conn)(scope, receive, send)
  File "C:\Users\sarth\AppData\Roaming\Python\Python314\site-packages\starlette\_exception_handler.py", line 53, in wrapped_app
    raise exc
  File "C:\Users\sarth\AppData\Roaming\Python\Python314\site-packages\starlette\_exception_handler.py", line 42, in wrapped_app
    await app(scope, receive, sender)
  File "C:\Users\sarth\AppData\Roaming\Python\Python314\site-packages\fastapi\middleware\asyncexitstack.py", line 18, in __call__
    await self.app(scope, receive, send)
  File "C:\Users\sarth\AppData\Roaming\Python\Python314\site-packages\starlette\routing.py", line 660, in __call__
    await self.middleware_stack(scope, receive, send)
  File "C:\Users\sarth\AppData\Roaming\Python\Python314\site-packages\starlette\routing.py", line 680, in app
    await route.handle(scope, receive, send)
  File "C:\Users\sarth\AppData\Roaming\Python\Python314\site-packages\starlette\routing.py", line 276, in handle
    await self.app(scope, receive, send)
  File "C:\Users\sarth\AppData\Roaming\Python\Python314\site-packages\fastapi\routing.py", line 134, in app
    await wrap_app_handling_exceptions(app, request)(scope, receive, send)
  File "C:\Users\sarth\AppData\Roaming\Python\Python314\site-packages\starlette\_exception_handler.py", line 53, in wrapped_app
    raise exc
  File "C:\Users\sarth\AppData\Roaming\Python\Python314\site-packages\starlette\_exception_handler.py", line 42, in wrapped_app
    await app(scope, receive, sender)
  File "C:\Users\sarth\AppData\Roaming\Python\Python314\site-packages\fastapi\routing.py", line 120, in app
    response = await f(request)
               ^^^^^^^^^^^^^^^^
  File "C:\Users\sarth\AppData\Roaming\Python\Python314\site-packages\fastapi\routing.py", line 674, in app
    raw_response = await run_endpoint_function(
                   ^^^^^^^^^^^^^^^^^^^^^^^^^^^^
    ...<3 lines>...
    )
    ^
  File "C:\Users\sarth\AppData\Roaming\Python\Python314\site-packages\fastapi\routing.py", line 328, in run_endpoint_function
    return await dependant.call(**values)
           ^^^^^^^^^^^^^^^^^^^^^^^^^^^^^^
  File "C:\Users\sarth\OneDrive\Desktop\JBooks\CarbonSense\backend\app\api\endpoints\drift.py", line 31, in get_drift_status
    return DriftStatusResponse(
        drift_detected=False,
    ...<3 lines>...
        adwin_width=32
    )
  File "C:\Users\sarth\AppData\Roaming\Python\Python314\site-packages\pydantic\main.py", line 263, in __init__
    validated_self = self.__pydantic_validator__.validate_python(data, self_instance=self)
pydantic_core._pydantic_core.ValidationError: 1 validation error for DriftStatusResponse
last_alarm_at
  Input should be a valid string [type=string_type, input_value=None, input_type=NoneType]
    For further information visit https://errors.pydantic.dev/2.13/v/string_type

2026-05-07 20:03:15,917 - root - ERROR - Error handling request http://127.0.0.1:8000/api/v1/drift/status: 1 validation error for DriftStatusResponse
last_alarm_at
  Input should be a valid string [type=string_type, input_value=None, input_type=NoneType]
    For further information visit https://errors.pydantic.dev/2.13/v/string_type
2026-05-07 20:03:15,919 - root - ERROR - Traceback (most recent call last):
  File "C:\Users\sarth\OneDrive\Desktop\JBooks\CarbonSense\backend\app\main.py", line 26, in log_errors_middleware
    return await call_next(request)
           ^^^^^^^^^^^^^^^^^^^^^^^^
  File "C:\Users\sarth\AppData\Roaming\Python\Python314\site-packages\starlette\middleware\base.py", line 168, in call_next
    raise app_exc from app_exc.__cause__ or app_exc.__context__
  File "C:\Users\sarth\AppData\Roaming\Python\Python314\site-packages\starlette\middleware\base.py", line 144, in coro
    await self.app(scope, receive_or_disconnect, send_no_error)
  File "C:\Users\sarth\AppData\Roaming\Python\Python314\site-packages\starlette\middleware\exceptions.py", line 63, in __call__
    await wrap_app_handling_exceptions(self.app, conn)(scope, receive, send)
  File "C:\Users\sarth\AppData\Roaming\Python\Python314\site-packages\starlette\_exception_handler.py", line 53, in wrapped_app
    raise exc
  File "C:\Users\sarth\AppData\Roaming\Python\Python314\site-packages\starlette\_exception_handler.py", line 42, in wrapped_app
    await app(scope, receive, sender)
  File "C:\Users\sarth\AppData\Roaming\Python\Python314\site-packages\fastapi\middleware\asyncexitstack.py", line 18, in __call__
    await self.app(scope, receive, send)
  File "C:\Users\sarth\AppData\Roaming\Python\Python314\site-packages\starlette\routing.py", line 660, in __call__
    await self.middleware_stack(scope, receive, send)
  File "C:\Users\sarth\AppData\Roaming\Python\Python314\site-packages\starlette\routing.py", line 680, in app
    await route.handle(scope, receive, send)
  File "C:\Users\sarth\AppData\Roaming\Python\Python314\site-packages\starlette\routing.py", line 276, in handle
    await self.app(scope, receive, send)
  File "C:\Users\sarth\AppData\Roaming\Python\Python314\site-packages\fastapi\routing.py", line 134, in app
    await wrap_app_handling_exceptions(app, request)(scope, receive, send)
  File "C:\Users\sarth\AppData\Roaming\Python\Python314\site-packages\starlette\_exception_handler.py", line 53, in wrapped_app
    raise exc
  File "C:\Users\sarth\AppData\Roaming\Python\Python314\site-packages\starlette\_exception_handler.py", line 42, in wrapped_app
    await app(scope, receive, sender)
  File "C:\Users\sarth\AppData\Roaming\Python\Python314\site-packages\fastapi\routing.py", line 120, in app
    response = await f(request)
               ^^^^^^^^^^^^^^^^
  File "C:\Users\sarth\AppData\Roaming\Python\Python314\site-packages\fastapi\routing.py", line 674, in app
    raw_response = await run_endpoint_function(
                   ^^^^^^^^^^^^^^^^^^^^^^^^^^^^
    ...<3 lines>...
    )
    ^
  File "C:\Users\sarth\AppData\Roaming\Python\Python314\site-packages\fastapi\routing.py", line 328, in run_endpoint_function
    return await dependant.call(**values)
           ^^^^^^^^^^^^^^^^^^^^^^^^^^^^^^
  File "C:\Users\sarth\OneDrive\Desktop\JBooks\CarbonSense\backend\app\api\endpoints\drift.py", line 31, in get_drift_status
    return DriftStatusResponse(
        drift_detected=False,
    ...<3 lines>...
        adwin_width=32
    )
  File "C:\Users\sarth\AppData\Roaming\Python\Python314\site-packages\pydantic\main.py", line 263, in __init__
    validated_self = self.__pydantic_validator__.validate_python(data, self_instance=self)
pydantic_core._pydantic_core.ValidationError: 1 validation error for DriftStatusResponse
last_alarm_at
  Input should be a valid string [type=string_type, input_value=None, input_type=NoneType]
    For further information visit https://errors.pydantic.dev/2.13/v/string_type

2026-05-07 20:03:15,943 - root - ERROR - Error handling request http://127.0.0.1:8000/api/v1/drift/status: 1 validation error for DriftStatusResponse
last_alarm_at
  Input should be a valid string [type=string_type, input_value=None, input_type=NoneType]
    For further information visit https://errors.pydantic.dev/2.13/v/string_type
2026-05-07 20:03:15,945 - root - ERROR - Traceback (most recent call last):
  File "C:\Users\sarth\OneDrive\Desktop\JBooks\CarbonSense\backend\app\main.py", line 26, in log_errors_middleware
    return await call_next(request)
           ^^^^^^^^^^^^^^^^^^^^^^^^
  File "C:\Users\sarth\AppData\Roaming\Python\Python314\site-packages\starlette\middleware\base.py", line 168, in call_next
    raise app_exc from app_exc.__cause__ or app_exc.__context__
  File "C:\Users\sarth\AppData\Roaming\Python\Python314\site-packages\starlette\middleware\base.py", line 144, in coro
    await self.app(scope, receive_or_disconnect, send_no_error)
  File "C:\Users\sarth\AppData\Roaming\Python\Python314\site-packages\starlette\middleware\exceptions.py", line 63, in __call__
    await wrap_app_handling_exceptions(self.app, conn)(scope, receive, send)
  File "C:\Users\sarth\AppData\Roaming\Python\Python314\site-packages\starlette\_exception_handler.py", line 53, in wrapped_app
    raise exc
  File "C:\Users\sarth\AppData\Roaming\Python\Python314\site-packages\starlette\_exception_handler.py", line 42, in wrapped_app
    await app(scope, receive, sender)
  File "C:\Users\sarth\AppData\Roaming\Python\Python314\site-packages\fastapi\middleware\asyncexitstack.py", line 18, in __call__
    await self.app(scope, receive, send)
  File "C:\Users\sarth\AppData\Roaming\Python\Python314\site-packages\starlette\routing.py", line 660, in __call__
    await self.middleware_stack(scope, receive, send)
  File "C:\Users\sarth\AppData\Roaming\Python\Python314\site-packages\starlette\routing.py", line 680, in app
    await route.handle(scope, receive, send)
  File "C:\Users\sarth\AppData\Roaming\Python\Python314\site-packages\starlette\routing.py", line 276, in handle
    await self.app(scope, receive, send)
  File "C:\Users\sarth\AppData\Roaming\Python\Python314\site-packages\fastapi\routing.py", line 134, in app
    await wrap_app_handling_exceptions(app, request)(scope, receive, send)
  File "C:\Users\sarth\AppData\Roaming\Python\Python314\site-packages\starlette\_exception_handler.py", line 53, in wrapped_app
    raise exc
  File "C:\Users\sarth\AppData\Roaming\Python\Python314\site-packages\starlette\_exception_handler.py", line 42, in wrapped_app
    await app(scope, receive, sender)
  File "C:\Users\sarth\AppData\Roaming\Python\Python314\site-packages\fastapi\routing.py", line 120, in app
    response = await f(request)
               ^^^^^^^^^^^^^^^^
  File "C:\Users\sarth\AppData\Roaming\Python\Python314\site-packages\fastapi\routing.py", line 674, in app
    raw_response = await run_endpoint_function(
                   ^^^^^^^^^^^^^^^^^^^^^^^^^^^^
    ...<3 lines>...
    )
    ^
  File "C:\Users\sarth\AppData\Roaming\Python\Python314\site-packages\fastapi\routing.py", line 328, in run_endpoint_function
    return await dependant.call(**values)
           ^^^^^^^^^^^^^^^^^^^^^^^^^^^^^^
  File "C:\Users\sarth\OneDrive\Desktop\JBooks\CarbonSense\backend\app\api\endpoints\drift.py", line 31, in get_drift_status
    return DriftStatusResponse(
        drift_detected=False,
    ...<3 lines>...
        adwin_width=32
    )
  File "C:\Users\sarth\AppData\Roaming\Python\Python314\site-packages\pydantic\main.py", line 263, in __init__
    validated_self = self.__pydantic_validator__.validate_python(data, self_instance=self)
pydantic_core._pydantic_core.ValidationError: 1 validation error for DriftStatusResponse
last_alarm_at
  Input should be a valid string [type=string_type, input_value=None, input_type=NoneType]
    For further information visit https://errors.pydantic.dev/2.13/v/string_type

2026-05-07 20:03:20,905 - root - ERROR - Error handling request http://127.0.0.1:8000/api/v1/drift/status: 1 validation error for DriftStatusResponse
last_alarm_at
  Input should be a valid string [type=string_type, input_value=None, input_type=NoneType]
    For further information visit https://errors.pydantic.dev/2.13/v/string_type
2026-05-07 20:03:20,907 - root - ERROR - Traceback (most recent call last):
  File "C:\Users\sarth\OneDrive\Desktop\JBooks\CarbonSense\backend\app\main.py", line 26, in log_errors_middleware
    return await call_next(request)
           ^^^^^^^^^^^^^^^^^^^^^^^^
  File "C:\Users\sarth\AppData\Roaming\Python\Python314\site-packages\starlette\middleware\base.py", line 168, in call_next
    raise app_exc from app_exc.__cause__ or app_exc.__context__
  File "C:\Users\sarth\AppData\Roaming\Python\Python314\site-packages\starlette\middleware\base.py", line 144, in coro
    await self.app(scope, receive_or_disconnect, send_no_error)
  File "C:\Users\sarth\AppData\Roaming\Python\Python314\site-packages\starlette\middleware\exceptions.py", line 63, in __call__
    await wrap_app_handling_exceptions(self.app, conn)(scope, receive, send)
  File "C:\Users\sarth\AppData\Roaming\Python\Python314\site-packages\starlette\_exception_handler.py", line 53, in wrapped_app
    raise exc
  File "C:\Users\sarth\AppData\Roaming\Python\Python314\site-packages\starlette\_exception_handler.py", line 42, in wrapped_app
    await app(scope, receive, sender)
  File "C:\Users\sarth\AppData\Roaming\Python\Python314\site-packages\fastapi\middleware\asyncexitstack.py", line 18, in __call__
    await self.app(scope, receive, send)
  File "C:\Users\sarth\AppData\Roaming\Python\Python314\site-packages\starlette\routing.py", line 660, in __call__
    await self.middleware_stack(scope, receive, send)
  File "C:\Users\sarth\AppData\Roaming\Python\Python314\site-packages\starlette\routing.py", line 680, in app
    await route.handle(scope, receive, send)
  File "C:\Users\sarth\AppData\Roaming\Python\Python314\site-packages\starlette\routing.py", line 276, in handle
    await self.app(scope, receive, send)
  File "C:\Users\sarth\AppData\Roaming\Python\Python314\site-packages\fastapi\routing.py", line 134, in app
    await wrap_app_handling_exceptions(app, request)(scope, receive, send)
  File "C:\Users\sarth\AppData\Roaming\Python\Python314\site-packages\starlette\_exception_handler.py", line 53, in wrapped_app
    raise exc
  File "C:\Users\sarth\AppData\Roaming\Python\Python314\site-packages\starlette\_exception_handler.py", line 42, in wrapped_app
    await app(scope, receive, sender)
  File "C:\Users\sarth\AppData\Roaming\Python\Python314\site-packages\fastapi\routing.py", line 120, in app
    response = await f(request)
               ^^^^^^^^^^^^^^^^
  File "C:\Users\sarth\AppData\Roaming\Python\Python314\site-packages\fastapi\routing.py", line 674, in app
    raw_response = await run_endpoint_function(
                   ^^^^^^^^^^^^^^^^^^^^^^^^^^^^
    ...<3 lines>...
    )
    ^
  File "C:\Users\sarth\AppData\Roaming\Python\Python314\site-packages\fastapi\routing.py", line 328, in run_endpoint_function
    return await dependant.call(**values)
           ^^^^^^^^^^^^^^^^^^^^^^^^^^^^^^
  File "C:\Users\sarth\OneDrive\Desktop\JBooks\CarbonSense\backend\app\api\endpoints\drift.py", line 31, in get_drift_status
    return DriftStatusResponse(
        drift_detected=False,
    ...<3 lines>...
        adwin_width=32
    )
  File "C:\Users\sarth\AppData\Roaming\Python\Python314\site-packages\pydantic\main.py", line 263, in __init__
    validated_self = self.__pydantic_validator__.validate_python(data, self_instance=self)
pydantic_core._pydantic_core.ValidationError: 1 validation error for DriftStatusResponse
last_alarm_at
  Input should be a valid string [type=string_type, input_value=None, input_type=NoneType]
    For further information visit https://errors.pydantic.dev/2.13/v/string_type

2026-05-07 20:03:25,910 - root - ERROR - Error handling request http://127.0.0.1:8000/api/v1/drift/status: 1 validation error for DriftStatusResponse
last_alarm_at
  Input should be a valid string [type=string_type, input_value=None, input_type=NoneType]
    For further information visit https://errors.pydantic.dev/2.13/v/string_type
2026-05-07 20:03:25,913 - root - ERROR - Traceback (most recent call last):
  File "C:\Users\sarth\OneDrive\Desktop\JBooks\CarbonSense\backend\app\main.py", line 26, in log_errors_middleware
    return await call_next(request)
           ^^^^^^^^^^^^^^^^^^^^^^^^
  File "C:\Users\sarth\AppData\Roaming\Python\Python314\site-packages\starlette\middleware\base.py", line 168, in call_next
    raise app_exc from app_exc.__cause__ or app_exc.__context__
  File "C:\Users\sarth\AppData\Roaming\Python\Python314\site-packages\starlette\middleware\base.py", line 144, in coro
    await self.app(scope, receive_or_disconnect, send_no_error)
  File "C:\Users\sarth\AppData\Roaming\Python\Python314\site-packages\starlette\middleware\exceptions.py", line 63, in __call__
    await wrap_app_handling_exceptions(self.app, conn)(scope, receive, send)
  File "C:\Users\sarth\AppData\Roaming\Python\Python314\site-packages\starlette\_exception_handler.py", line 53, in wrapped_app
    raise exc
  File "C:\Users\sarth\AppData\Roaming\Python\Python314\site-packages\starlette\_exception_handler.py", line 42, in wrapped_app
    await app(scope, receive, sender)
  File "C:\Users\sarth\AppData\Roaming\Python\Python314\site-packages\fastapi\middleware\asyncexitstack.py", line 18, in __call__
    await self.app(scope, receive, send)
  File "C:\Users\sarth\AppData\Roaming\Python\Python314\site-packages\starlette\routing.py", line 660, in __call__
    await self.middleware_stack(scope, receive, send)
  File "C:\Users\sarth\AppData\Roaming\Python\Python314\site-packages\starlette\routing.py", line 680, in app
    await route.handle(scope, receive, send)
  File "C:\Users\sarth\AppData\Roaming\Python\Python314\site-packages\starlette\routing.py", line 276, in handle
    await self.app(scope, receive, send)
  File "C:\Users\sarth\AppData\Roaming\Python\Python314\site-packages\fastapi\routing.py", line 134, in app
    await wrap_app_handling_exceptions(app, request)(scope, receive, send)
  File "C:\Users\sarth\AppData\Roaming\Python\Python314\site-packages\starlette\_exception_handler.py", line 53, in wrapped_app
    raise exc
  File "C:\Users\sarth\AppData\Roaming\Python\Python314\site-packages\starlette\_exception_handler.py", line 42, in wrapped_app
    await app(scope, receive, sender)
  File "C:\Users\sarth\AppData\Roaming\Python\Python314\site-packages\fastapi\routing.py", line 120, in app
    response = await f(request)
               ^^^^^^^^^^^^^^^^
  File "C:\Users\sarth\AppData\Roaming\Python\Python314\site-packages\fastapi\routing.py", line 674, in app
    raw_response = await run_endpoint_function(
                   ^^^^^^^^^^^^^^^^^^^^^^^^^^^^
    ...<3 lines>...
    )
    ^
  File "C:\Users\sarth\AppData\Roaming\Python\Python314\site-packages\fastapi\routing.py", line 328, in run_endpoint_function
    return await dependant.call(**values)
           ^^^^^^^^^^^^^^^^^^^^^^^^^^^^^^
  File "C:\Users\sarth\OneDrive\Desktop\JBooks\CarbonSense\backend\app\api\endpoints\drift.py", line 31, in get_drift_status
    return DriftStatusResponse(
        drift_detected=False,
    ...<3 lines>...
        adwin_width=32
    )
  File "C:\Users\sarth\AppData\Roaming\Python\Python314\site-packages\pydantic\main.py", line 263, in __init__
    validated_self = self.__pydantic_validator__.validate_python(data, self_instance=self)
pydantic_core._pydantic_core.ValidationError: 1 validation error for DriftStatusResponse
last_alarm_at
  Input should be a valid string [type=string_type, input_value=None, input_type=NoneType]
    For further information visit https://errors.pydantic.dev/2.13/v/string_type

2026-05-07 20:03:25,921 - root - ERROR - Error handling request http://127.0.0.1:8000/api/v1/drift/status: 1 validation error for DriftStatusResponse
last_alarm_at
  Input should be a valid string [type=string_type, input_value=None, input_type=NoneType]
    For further information visit https://errors.pydantic.dev/2.13/v/string_type
2026-05-07 20:03:25,923 - root - ERROR - Traceback (most recent call last):
  File "C:\Users\sarth\OneDrive\Desktop\JBooks\CarbonSense\backend\app\main.py", line 26, in log_errors_middleware
    return await call_next(request)
           ^^^^^^^^^^^^^^^^^^^^^^^^
  File "C:\Users\sarth\AppData\Roaming\Python\Python314\site-packages\starlette\middleware\base.py", line 168, in call_next
    raise app_exc from app_exc.__cause__ or app_exc.__context__
  File "C:\Users\sarth\AppData\Roaming\Python\Python314\site-packages\starlette\middleware\base.py", line 144, in coro
    await self.app(scope, receive_or_disconnect, send_no_error)
  File "C:\Users\sarth\AppData\Roaming\Python\Python314\site-packages\starlette\middleware\exceptions.py", line 63, in __call__
    await wrap_app_handling_exceptions(self.app, conn)(scope, receive, send)
  File "C:\Users\sarth\AppData\Roaming\Python\Python314\site-packages\starlette\_exception_handler.py", line 53, in wrapped_app
    raise exc
  File "C:\Users\sarth\AppData\Roaming\Python\Python314\site-packages\starlette\_exception_handler.py", line 42, in wrapped_app
    await app(scope, receive, sender)
  File "C:\Users\sarth\AppData\Roaming\Python\Python314\site-packages\fastapi\middleware\asyncexitstack.py", line 18, in __call__
    await self.app(scope, receive, send)
  File "C:\Users\sarth\AppData\Roaming\Python\Python314\site-packages\starlette\routing.py", line 660, in __call__
    await self.middleware_stack(scope, receive, send)
  File "C:\Users\sarth\AppData\Roaming\Python\Python314\site-packages\starlette\routing.py", line 680, in app
    await route.handle(scope, receive, send)
  File "C:\Users\sarth\AppData\Roaming\Python\Python314\site-packages\starlette\routing.py", line 276, in handle
    await self.app(scope, receive, send)
  File "C:\Users\sarth\AppData\Roaming\Python\Python314\site-packages\fastapi\routing.py", line 134, in app
    await wrap_app_handling_exceptions(app, request)(scope, receive, send)
  File "C:\Users\sarth\AppData\Roaming\Python\Python314\site-packages\starlette\_exception_handler.py", line 53, in wrapped_app
    raise exc
  File "C:\Users\sarth\AppData\Roaming\Python\Python314\site-packages\starlette\_exception_handler.py", line 42, in wrapped_app
    await app(scope, receive, sender)
  File "C:\Users\sarth\AppData\Roaming\Python\Python314\site-packages\fastapi\routing.py", line 120, in app
    response = await f(request)
               ^^^^^^^^^^^^^^^^
  File "C:\Users\sarth\AppData\Roaming\Python\Python314\site-packages\fastapi\routing.py", line 674, in app
    raw_response = await run_endpoint_function(
                   ^^^^^^^^^^^^^^^^^^^^^^^^^^^^
    ...<3 lines>...
    )
    ^
  File "C:\Users\sarth\AppData\Roaming\Python\Python314\site-packages\fastapi\routing.py", line 328, in run_endpoint_function
    return await dependant.call(**values)
           ^^^^^^^^^^^^^^^^^^^^^^^^^^^^^^
  File "C:\Users\sarth\OneDrive\Desktop\JBooks\CarbonSense\backend\app\api\endpoints\drift.py", line 31, in get_drift_status
    return DriftStatusResponse(
        drift_detected=False,
    ...<3 lines>...
        adwin_width=32
    )
  File "C:\Users\sarth\AppData\Roaming\Python\Python314\site-packages\pydantic\main.py", line 263, in __init__
    validated_self = self.__pydantic_validator__.validate_python(data, self_instance=self)
pydantic_core._pydantic_core.ValidationError: 1 validation error for DriftStatusResponse
last_alarm_at
  Input should be a valid string [type=string_type, input_value=None, input_type=NoneType]
    For further information visit https://errors.pydantic.dev/2.13/v/string_type

2026-05-07 20:03:25,934 - root - ERROR - Error handling request http://127.0.0.1:8000/api/v1/drift/status: 1 validation error for DriftStatusResponse
last_alarm_at
  Input should be a valid string [type=string_type, input_value=None, input_type=NoneType]
    For further information visit https://errors.pydantic.dev/2.13/v/string_type
2026-05-07 20:03:25,936 - root - ERROR - Traceback (most recent call last):
  File "C:\Users\sarth\OneDrive\Desktop\JBooks\CarbonSense\backend\app\main.py", line 26, in log_errors_middleware
    return await call_next(request)
           ^^^^^^^^^^^^^^^^^^^^^^^^
  File "C:\Users\sarth\AppData\Roaming\Python\Python314\site-packages\starlette\middleware\base.py", line 168, in call_next
    raise app_exc from app_exc.__cause__ or app_exc.__context__
  File "C:\Users\sarth\AppData\Roaming\Python\Python314\site-packages\starlette\middleware\base.py", line 144, in coro
    await self.app(scope, receive_or_disconnect, send_no_error)
  File "C:\Users\sarth\AppData\Roaming\Python\Python314\site-packages\starlette\middleware\exceptions.py", line 63, in __call__
    await wrap_app_handling_exceptions(self.app, conn)(scope, receive, send)
  File "C:\Users\sarth\AppData\Roaming\Python\Python314\site-packages\starlette\_exception_handler.py", line 53, in wrapped_app
    raise exc
  File "C:\Users\sarth\AppData\Roaming\Python\Python314\site-packages\starlette\_exception_handler.py", line 42, in wrapped_app
    await app(scope, receive, sender)
  File "C:\Users\sarth\AppData\Roaming\Python\Python314\site-packages\fastapi\middleware\asyncexitstack.py", line 18, in __call__
    await self.app(scope, receive, send)
  File "C:\Users\sarth\AppData\Roaming\Python\Python314\site-packages\starlette\routing.py", line 660, in __call__
    await self.middleware_stack(scope, receive, send)
  File "C:\Users\sarth\AppData\Roaming\Python\Python314\site-packages\starlette\routing.py", line 680, in app
    await route.handle(scope, receive, send)
  File "C:\Users\sarth\AppData\Roaming\Python\Python314\site-packages\starlette\routing.py", line 276, in handle
    await self.app(scope, receive, send)
  File "C:\Users\sarth\AppData\Roaming\Python\Python314\site-packages\fastapi\routing.py", line 134, in app
    await wrap_app_handling_exceptions(app, request)(scope, receive, send)
  File "C:\Users\sarth\AppData\Roaming\Python\Python314\site-packages\starlette\_exception_handler.py", line 53, in wrapped_app
    raise exc
  File "C:\Users\sarth\AppData\Roaming\Python\Python314\site-packages\starlette\_exception_handler.py", line 42, in wrapped_app
    await app(scope, receive, sender)
  File "C:\Users\sarth\AppData\Roaming\Python\Python314\site-packages\fastapi\routing.py", line 120, in app
    response = await f(request)
               ^^^^^^^^^^^^^^^^
  File "C:\Users\sarth\AppData\Roaming\Python\Python314\site-packages\fastapi\routing.py", line 674, in app
    raw_response = await run_endpoint_function(
                   ^^^^^^^^^^^^^^^^^^^^^^^^^^^^
    ...<3 lines>...
    )
    ^
  File "C:\Users\sarth\AppData\Roaming\Python\Python314\site-packages\fastapi\routing.py", line 328, in run_endpoint_function
    return await dependant.call(**values)
           ^^^^^^^^^^^^^^^^^^^^^^^^^^^^^^
  File "C:\Users\sarth\OneDrive\Desktop\JBooks\CarbonSense\backend\app\api\endpoints\drift.py", line 31, in get_drift_status
    return DriftStatusResponse(
        drift_detected=False,
    ...<3 lines>...
        adwin_width=32
    )
  File "C:\Users\sarth\AppData\Roaming\Python\Python314\site-packages\pydantic\main.py", line 263, in __init__
    validated_self = self.__pydantic_validator__.validate_python(data, self_instance=self)
pydantic_core._pydantic_core.ValidationError: 1 validation error for DriftStatusResponse
last_alarm_at
  Input should be a valid string [type=string_type, input_value=None, input_type=NoneType]
    For further information visit https://errors.pydantic.dev/2.13/v/string_type

2026-05-07 20:03:30,899 - root - ERROR - Error handling request http://127.0.0.1:8000/api/v1/drift/status: 1 validation error for DriftStatusResponse
last_alarm_at
  Input should be a valid string [type=string_type, input_value=None, input_type=NoneType]
    For further information visit https://errors.pydantic.dev/2.13/v/string_type
2026-05-07 20:03:30,903 - root - ERROR - Traceback (most recent call last):
  File "C:\Users\sarth\OneDrive\Desktop\JBooks\CarbonSense\backend\app\main.py", line 26, in log_errors_middleware
    return await call_next(request)
           ^^^^^^^^^^^^^^^^^^^^^^^^
  File "C:\Users\sarth\AppData\Roaming\Python\Python314\site-packages\starlette\middleware\base.py", line 168, in call_next
    raise app_exc from app_exc.__cause__ or app_exc.__context__
  File "C:\Users\sarth\AppData\Roaming\Python\Python314\site-packages\starlette\middleware\base.py", line 144, in coro
    await self.app(scope, receive_or_disconnect, send_no_error)
  File "C:\Users\sarth\AppData\Roaming\Python\Python314\site-packages\starlette\middleware\exceptions.py", line 63, in __call__
    await wrap_app_handling_exceptions(self.app, conn)(scope, receive, send)
  File "C:\Users\sarth\AppData\Roaming\Python\Python314\site-packages\starlette\_exception_handler.py", line 53, in wrapped_app
    raise exc
  File "C:\Users\sarth\AppData\Roaming\Python\Python314\site-packages\starlette\_exception_handler.py", line 42, in wrapped_app
    await app(scope, receive, sender)
  File "C:\Users\sarth\AppData\Roaming\Python\Python314\site-packages\fastapi\middleware\asyncexitstack.py", line 18, in __call__
    await self.app(scope, receive, send)
  File "C:\Users\sarth\AppData\Roaming\Python\Python314\site-packages\starlette\routing.py", line 660, in __call__
    await self.middleware_stack(scope, receive, send)
  File "C:\Users\sarth\AppData\Roaming\Python\Python314\site-packages\starlette\routing.py", line 680, in app
    await route.handle(scope, receive, send)
  File "C:\Users\sarth\AppData\Roaming\Python\Python314\site-packages\starlette\routing.py", line 276, in handle
    await self.app(scope, receive, send)
  File "C:\Users\sarth\AppData\Roaming\Python\Python314\site-packages\fastapi\routing.py", line 134, in app
    await wrap_app_handling_exceptions(app, request)(scope, receive, send)
  File "C:\Users\sarth\AppData\Roaming\Python\Python314\site-packages\starlette\_exception_handler.py", line 53, in wrapped_app
    raise exc
  File "C:\Users\sarth\AppData\Roaming\Python\Python314\site-packages\starlette\_exception_handler.py", line 42, in wrapped_app
    await app(scope, receive, sender)
  File "C:\Users\sarth\AppData\Roaming\Python\Python314\site-packages\fastapi\routing.py", line 120, in app
    response = await f(request)
               ^^^^^^^^^^^^^^^^
  File "C:\Users\sarth\AppData\Roaming\Python\Python314\site-packages\fastapi\routing.py", line 674, in app
    raw_response = await run_endpoint_function(
                   ^^^^^^^^^^^^^^^^^^^^^^^^^^^^
    ...<3 lines>...
    )
    ^
  File "C:\Users\sarth\AppData\Roaming\Python\Python314\site-packages\fastapi\routing.py", line 328, in run_endpoint_function
    return await dependant.call(**values)
           ^^^^^^^^^^^^^^^^^^^^^^^^^^^^^^
  File "C:\Users\sarth\OneDrive\Desktop\JBooks\CarbonSense\backend\app\api\endpoints\drift.py", line 31, in get_drift_status
    return DriftStatusResponse(
        drift_detected=False,
    ...<3 lines>...
        adwin_width=32
    )
  File "C:\Users\sarth\AppData\Roaming\Python\Python314\site-packages\pydantic\main.py", line 263, in __init__
    validated_self = self.__pydantic_validator__.validate_python(data, self_instance=self)
pydantic_core._pydantic_core.ValidationError: 1 validation error for DriftStatusResponse
last_alarm_at
  Input should be a valid string [type=string_type, input_value=None, input_type=NoneType]
    For further information visit https://errors.pydantic.dev/2.13/v/string_type

2026-05-07 20:03:35,899 - root - ERROR - Error handling request http://127.0.0.1:8000/api/v1/drift/status: 1 validation error for DriftStatusResponse
last_alarm_at
  Input should be a valid string [type=string_type, input_value=None, input_type=NoneType]
    For further information visit https://errors.pydantic.dev/2.13/v/string_type
2026-05-07 20:03:35,902 - root - ERROR - Traceback (most recent call last):
  File "C:\Users\sarth\OneDrive\Desktop\JBooks\CarbonSense\backend\app\main.py", line 26, in log_errors_middleware
    return await call_next(request)
           ^^^^^^^^^^^^^^^^^^^^^^^^
  File "C:\Users\sarth\AppData\Roaming\Python\Python314\site-packages\starlette\middleware\base.py", line 168, in call_next
    raise app_exc from app_exc.__cause__ or app_exc.__context__
  File "C:\Users\sarth\AppData\Roaming\Python\Python314\site-packages\starlette\middleware\base.py", line 144, in coro
    await self.app(scope, receive_or_disconnect, send_no_error)
  File "C:\Users\sarth\AppData\Roaming\Python\Python314\site-packages\starlette\middleware\exceptions.py", line 63, in __call__
    await wrap_app_handling_exceptions(self.app, conn)(scope, receive, send)
  File "C:\Users\sarth\AppData\Roaming\Python\Python314\site-packages\starlette\_exception_handler.py", line 53, in wrapped_app
    raise exc
  File "C:\Users\sarth\AppData\Roaming\Python\Python314\site-packages\starlette\_exception_handler.py", line 42, in wrapped_app
    await app(scope, receive, sender)
  File "C:\Users\sarth\AppData\Roaming\Python\Python314\site-packages\fastapi\middleware\asyncexitstack.py", line 18, in __call__
    await self.app(scope, receive, send)
  File "C:\Users\sarth\AppData\Roaming\Python\Python314\site-packages\starlette\routing.py", line 660, in __call__
    await self.middleware_stack(scope, receive, send)
  File "C:\Users\sarth\AppData\Roaming\Python\Python314\site-packages\starlette\routing.py", line 680, in app
    await route.handle(scope, receive, send)
  File "C:\Users\sarth\AppData\Roaming\Python\Python314\site-packages\starlette\routing.py", line 276, in handle
    await self.app(scope, receive, send)
  File "C:\Users\sarth\AppData\Roaming\Python\Python314\site-packages\fastapi\routing.py", line 134, in app
    await wrap_app_handling_exceptions(app, request)(scope, receive, send)
  File "C:\Users\sarth\AppData\Roaming\Python\Python314\site-packages\starlette\_exception_handler.py", line 53, in wrapped_app
    raise exc
  File "C:\Users\sarth\AppData\Roaming\Python\Python314\site-packages\starlette\_exception_handler.py", line 42, in wrapped_app
    await app(scope, receive, sender)
  File "C:\Users\sarth\AppData\Roaming\Python\Python314\site-packages\fastapi\routing.py", line 120, in app
    response = await f(request)
               ^^^^^^^^^^^^^^^^
  File "C:\Users\sarth\AppData\Roaming\Python\Python314\site-packages\fastapi\routing.py", line 674, in app
    raw_response = await run_endpoint_function(
                   ^^^^^^^^^^^^^^^^^^^^^^^^^^^^
    ...<3 lines>...
    )
    ^
  File "C:\Users\sarth\AppData\Roaming\Python\Python314\site-packages\fastapi\routing.py", line 328, in run_endpoint_function
    return await dependant.call(**values)
           ^^^^^^^^^^^^^^^^^^^^^^^^^^^^^^
  File "C:\Users\sarth\OneDrive\Desktop\JBooks\CarbonSense\backend\app\api\endpoints\drift.py", line 31, in get_drift_status
    return DriftStatusResponse(
        drift_detected=False,
    ...<3 lines>...
        adwin_width=32
    )
  File "C:\Users\sarth\AppData\Roaming\Python\Python314\site-packages\pydantic\main.py", line 263, in __init__
    validated_self = self.__pydantic_validator__.validate_python(data, self_instance=self)
pydantic_core._pydantic_core.ValidationError: 1 validation error for DriftStatusResponse
last_alarm_at
  Input should be a valid string [type=string_type, input_value=None, input_type=NoneType]
    For further information visit https://errors.pydantic.dev/2.13/v/string_type

2026-05-07 20:03:35,908 - root - ERROR - Error handling request http://127.0.0.1:8000/api/v1/drift/status: 1 validation error for DriftStatusResponse
last_alarm_at
  Input should be a valid string [type=string_type, input_value=None, input_type=NoneType]
    For further information visit https://errors.pydantic.dev/2.13/v/string_type
2026-05-07 20:03:35,910 - root - ERROR - Traceback (most recent call last):
  File "C:\Users\sarth\OneDrive\Desktop\JBooks\CarbonSense\backend\app\main.py", line 26, in log_errors_middleware
    return await call_next(request)
           ^^^^^^^^^^^^^^^^^^^^^^^^
  File "C:\Users\sarth\AppData\Roaming\Python\Python314\site-packages\starlette\middleware\base.py", line 168, in call_next
    raise app_exc from app_exc.__cause__ or app_exc.__context__
  File "C:\Users\sarth\AppData\Roaming\Python\Python314\site-packages\starlette\middleware\base.py", line 144, in coro
    await self.app(scope, receive_or_disconnect, send_no_error)
  File "C:\Users\sarth\AppData\Roaming\Python\Python314\site-packages\starlette\middleware\exceptions.py", line 63, in __call__
    await wrap_app_handling_exceptions(self.app, conn)(scope, receive, send)
  File "C:\Users\sarth\AppData\Roaming\Python\Python314\site-packages\starlette\_exception_handler.py", line 53, in wrapped_app
    raise exc
  File "C:\Users\sarth\AppData\Roaming\Python\Python314\site-packages\starlette\_exception_handler.py", line 42, in wrapped_app
    await app(scope, receive, sender)
  File "C:\Users\sarth\AppData\Roaming\Python\Python314\site-packages\fastapi\middleware\asyncexitstack.py", line 18, in __call__
    await self.app(scope, receive, send)
  File "C:\Users\sarth\AppData\Roaming\Python\Python314\site-packages\starlette\routing.py", line 660, in __call__
    await self.middleware_stack(scope, receive, send)
  File "C:\Users\sarth\AppData\Roaming\Python\Python314\site-packages\starlette\routing.py", line 680, in app
    await route.handle(scope, receive, send)
  File "C:\Users\sarth\AppData\Roaming\Python\Python314\site-packages\starlette\routing.py", line 276, in handle
    await self.app(scope, receive, send)
  File "C:\Users\sarth\AppData\Roaming\Python\Python314\site-packages\fastapi\routing.py", line 134, in app
    await wrap_app_handling_exceptions(app, request)(scope, receive, send)
  File "C:\Users\sarth\AppData\Roaming\Python\Python314\site-packages\starlette\_exception_handler.py", line 53, in wrapped_app
    raise exc
  File "C:\Users\sarth\AppData\Roaming\Python\Python314\site-packages\starlette\_exception_handler.py", line 42, in wrapped_app
    await app(scope, receive, sender)
  File "C:\Users\sarth\AppData\Roaming\Python\Python314\site-packages\fastapi\routing.py", line 120, in app
    response = await f(request)
               ^^^^^^^^^^^^^^^^
  File "C:\Users\sarth\AppData\Roaming\Python\Python314\site-packages\fastapi\routing.py", line 674, in app
    raw_response = await run_endpoint_function(
                   ^^^^^^^^^^^^^^^^^^^^^^^^^^^^
    ...<3 lines>...
    )
    ^
  File "C:\Users\sarth\AppData\Roaming\Python\Python314\site-packages\fastapi\routing.py", line 328, in run_endpoint_function
    return await dependant.call(**values)
           ^^^^^^^^^^^^^^^^^^^^^^^^^^^^^^
  File "C:\Users\sarth\OneDrive\Desktop\JBooks\CarbonSense\backend\app\api\endpoints\drift.py", line 31, in get_drift_status
    return DriftStatusResponse(
        drift_detected=False,
    ...<3 lines>...
        adwin_width=32
    )
  File "C:\Users\sarth\AppData\Roaming\Python\Python314\site-packages\pydantic\main.py", line 263, in __init__
    validated_self = self.__pydantic_validator__.validate_python(data, self_instance=self)
pydantic_core._pydantic_core.ValidationError: 1 validation error for DriftStatusResponse
last_alarm_at
  Input should be a valid string [type=string_type, input_value=None, input_type=NoneType]
    For further information visit https://errors.pydantic.dev/2.13/v/string_type

2026-05-07 20:03:35,921 - root - ERROR - Error handling request http://127.0.0.1:8000/api/v1/drift/status: 1 validation error for DriftStatusResponse
last_alarm_at
  Input should be a valid string [type=string_type, input_value=None, input_type=NoneType]
    For further information visit https://errors.pydantic.dev/2.13/v/string_type
2026-05-07 20:03:35,922 - root - ERROR - Traceback (most recent call last):
  File "C:\Users\sarth\OneDrive\Desktop\JBooks\CarbonSense\backend\app\main.py", line 26, in log_errors_middleware
    return await call_next(request)
           ^^^^^^^^^^^^^^^^^^^^^^^^
  File "C:\Users\sarth\AppData\Roaming\Python\Python314\site-packages\starlette\middleware\base.py", line 168, in call_next
    raise app_exc from app_exc.__cause__ or app_exc.__context__
  File "C:\Users\sarth\AppData\Roaming\Python\Python314\site-packages\starlette\middleware\base.py", line 144, in coro
    await self.app(scope, receive_or_disconnect, send_no_error)
  File "C:\Users\sarth\AppData\Roaming\Python\Python314\site-packages\starlette\middleware\exceptions.py", line 63, in __call__
    await wrap_app_handling_exceptions(self.app, conn)(scope, receive, send)
  File "C:\Users\sarth\AppData\Roaming\Python\Python314\site-packages\starlette\_exception_handler.py", line 53, in wrapped_app
    raise exc
  File "C:\Users\sarth\AppData\Roaming\Python\Python314\site-packages\starlette\_exception_handler.py", line 42, in wrapped_app
    await app(scope, receive, sender)
  File "C:\Users\sarth\AppData\Roaming\Python\Python314\site-packages\fastapi\middleware\asyncexitstack.py", line 18, in __call__
    await self.app(scope, receive, send)
  File "C:\Users\sarth\AppData\Roaming\Python\Python314\site-packages\starlette\routing.py", line 660, in __call__
    await self.middleware_stack(scope, receive, send)
  File "C:\Users\sarth\AppData\Roaming\Python\Python314\site-packages\starlette\routing.py", line 680, in app
    await route.handle(scope, receive, send)
  File "C:\Users\sarth\AppData\Roaming\Python\Python314\site-packages\starlette\routing.py", line 276, in handle
    await self.app(scope, receive, send)
  File "C:\Users\sarth\AppData\Roaming\Python\Python314\site-packages\fastapi\routing.py", line 134, in app
    await wrap_app_handling_exceptions(app, request)(scope, receive, send)
  File "C:\Users\sarth\AppData\Roaming\Python\Python314\site-packages\starlette\_exception_handler.py", line 53, in wrapped_app
    raise exc
  File "C:\Users\sarth\AppData\Roaming\Python\Python314\site-packages\starlette\_exception_handler.py", line 42, in wrapped_app
    await app(scope, receive, sender)
  File "C:\Users\sarth\AppData\Roaming\Python\Python314\site-packages\fastapi\routing.py", line 120, in app
    response = await f(request)
               ^^^^^^^^^^^^^^^^
  File "C:\Users\sarth\AppData\Roaming\Python\Python314\site-packages\fastapi\routing.py", line 674, in app
    raw_response = await run_endpoint_function(
                   ^^^^^^^^^^^^^^^^^^^^^^^^^^^^
    ...<3 lines>...
    )
    ^
  File "C:\Users\sarth\AppData\Roaming\Python\Python314\site-packages\fastapi\routing.py", line 328, in run_endpoint_function
    return await dependant.call(**values)
           ^^^^^^^^^^^^^^^^^^^^^^^^^^^^^^
  File "C:\Users\sarth\OneDrive\Desktop\JBooks\CarbonSense\backend\app\api\endpoints\drift.py", line 31, in get_drift_status
    return DriftStatusResponse(
        drift_detected=False,
    ...<3 lines>...
        adwin_width=32
    )
  File "C:\Users\sarth\AppData\Roaming\Python\Python314\site-packages\pydantic\main.py", line 263, in __init__
    validated_self = self.__pydantic_validator__.validate_python(data, self_instance=self)
pydantic_core._pydantic_core.ValidationError: 1 validation error for DriftStatusResponse
last_alarm_at
  Input should be a valid string [type=string_type, input_value=None, input_type=NoneType]
    For further information visit https://errors.pydantic.dev/2.13/v/string_type

2026-05-07 20:03:40,906 - root - ERROR - Error handling request http://127.0.0.1:8000/api/v1/drift/status: 1 validation error for DriftStatusResponse
last_alarm_at
  Input should be a valid string [type=string_type, input_value=None, input_type=NoneType]
    For further information visit https://errors.pydantic.dev/2.13/v/string_type
2026-05-07 20:03:40,909 - root - ERROR - Traceback (most recent call last):
  File "C:\Users\sarth\OneDrive\Desktop\JBooks\CarbonSense\backend\app\main.py", line 26, in log_errors_middleware
    return await call_next(request)
           ^^^^^^^^^^^^^^^^^^^^^^^^
  File "C:\Users\sarth\AppData\Roaming\Python\Python314\site-packages\starlette\middleware\base.py", line 168, in call_next
    raise app_exc from app_exc.__cause__ or app_exc.__context__
  File "C:\Users\sarth\AppData\Roaming\Python\Python314\site-packages\starlette\middleware\base.py", line 144, in coro
    await self.app(scope, receive_or_disconnect, send_no_error)
  File "C:\Users\sarth\AppData\Roaming\Python\Python314\site-packages\starlette\middleware\exceptions.py", line 63, in __call__
    await wrap_app_handling_exceptions(self.app, conn)(scope, receive, send)
  File "C:\Users\sarth\AppData\Roaming\Python\Python314\site-packages\starlette\_exception_handler.py", line 53, in wrapped_app
    raise exc
  File "C:\Users\sarth\AppData\Roaming\Python\Python314\site-packages\starlette\_exception_handler.py", line 42, in wrapped_app
    await app(scope, receive, sender)
  File "C:\Users\sarth\AppData\Roaming\Python\Python314\site-packages\fastapi\middleware\asyncexitstack.py", line 18, in __call__
    await self.app(scope, receive, send)
  File "C:\Users\sarth\AppData\Roaming\Python\Python314\site-packages\starlette\routing.py", line 660, in __call__
    await self.middleware_stack(scope, receive, send)
  File "C:\Users\sarth\AppData\Roaming\Python\Python314\site-packages\starlette\routing.py", line 680, in app
    await route.handle(scope, receive, send)
  File "C:\Users\sarth\AppData\Roaming\Python\Python314\site-packages\starlette\routing.py", line 276, in handle
    await self.app(scope, receive, send)
  File "C:\Users\sarth\AppData\Roaming\Python\Python314\site-packages\fastapi\routing.py", line 134, in app
    await wrap_app_handling_exceptions(app, request)(scope, receive, send)
  File "C:\Users\sarth\AppData\Roaming\Python\Python314\site-packages\starlette\_exception_handler.py", line 53, in wrapped_app
    raise exc
  File "C:\Users\sarth\AppData\Roaming\Python\Python314\site-packages\starlette\_exception_handler.py", line 42, in wrapped_app
    await app(scope, receive, sender)
  File "C:\Users\sarth\AppData\Roaming\Python\Python314\site-packages\fastapi\routing.py", line 120, in app
    response = await f(request)
               ^^^^^^^^^^^^^^^^
  File "C:\Users\sarth\AppData\Roaming\Python\Python314\site-packages\fastapi\routing.py", line 674, in app
    raw_response = await run_endpoint_function(
                   ^^^^^^^^^^^^^^^^^^^^^^^^^^^^
    ...<3 lines>...
    )
    ^
  File "C:\Users\sarth\AppData\Roaming\Python\Python314\site-packages\fastapi\routing.py", line 328, in run_endpoint_function
    return await dependant.call(**values)
           ^^^^^^^^^^^^^^^^^^^^^^^^^^^^^^
  File "C:\Users\sarth\OneDrive\Desktop\JBooks\CarbonSense\backend\app\api\endpoints\drift.py", line 31, in get_drift_status
    return DriftStatusResponse(
        drift_detected=False,
    ...<3 lines>...
        adwin_width=32
    )
  File "C:\Users\sarth\AppData\Roaming\Python\Python314\site-packages\pydantic\main.py", line 263, in __init__
    validated_self = self.__pydantic_validator__.validate_python(data, self_instance=self)
pydantic_core._pydantic_core.ValidationError: 1 validation error for DriftStatusResponse
last_alarm_at
  Input should be a valid string [type=string_type, input_value=None, input_type=NoneType]
    For further information visit https://errors.pydantic.dev/2.13/v/string_type

2026-05-07 20:03:45,896 - root - ERROR - Error handling request http://127.0.0.1:8000/api/v1/drift/status: 1 validation error for DriftStatusResponse
last_alarm_at
  Input should be a valid string [type=string_type, input_value=None, input_type=NoneType]
    For further information visit https://errors.pydantic.dev/2.13/v/string_type
2026-05-07 20:03:45,899 - root - ERROR - Traceback (most recent call last):
  File "C:\Users\sarth\OneDrive\Desktop\JBooks\CarbonSense\backend\app\main.py", line 26, in log_errors_middleware
    return await call_next(request)
           ^^^^^^^^^^^^^^^^^^^^^^^^
  File "C:\Users\sarth\AppData\Roaming\Python\Python314\site-packages\starlette\middleware\base.py", line 168, in call_next
    raise app_exc from app_exc.__cause__ or app_exc.__context__
  File "C:\Users\sarth\AppData\Roaming\Python\Python314\site-packages\starlette\middleware\base.py", line 144, in coro
    await self.app(scope, receive_or_disconnect, send_no_error)
  File "C:\Users\sarth\AppData\Roaming\Python\Python314\site-packages\starlette\middleware\exceptions.py", line 63, in __call__
    await wrap_app_handling_exceptions(self.app, conn)(scope, receive, send)
  File "C:\Users\sarth\AppData\Roaming\Python\Python314\site-packages\starlette\_exception_handler.py", line 53, in wrapped_app
    raise exc
  File "C:\Users\sarth\AppData\Roaming\Python\Python314\site-packages\starlette\_exception_handler.py", line 42, in wrapped_app
    await app(scope, receive, sender)
  File "C:\Users\sarth\AppData\Roaming\Python\Python314\site-packages\fastapi\middleware\asyncexitstack.py", line 18, in __call__
    await self.app(scope, receive, send)
  File "C:\Users\sarth\AppData\Roaming\Python\Python314\site-packages\starlette\routing.py", line 660, in __call__
    await self.middleware_stack(scope, receive, send)
  File "C:\Users\sarth\AppData\Roaming\Python\Python314\site-packages\starlette\routing.py", line 680, in app
    await route.handle(scope, receive, send)
  File "C:\Users\sarth\AppData\Roaming\Python\Python314\site-packages\starlette\routing.py", line 276, in handle
    await self.app(scope, receive, send)
  File "C:\Users\sarth\AppData\Roaming\Python\Python314\site-packages\fastapi\routing.py", line 134, in app
    await wrap_app_handling_exceptions(app, request)(scope, receive, send)
  File "C:\Users\sarth\AppData\Roaming\Python\Python314\site-packages\starlette\_exception_handler.py", line 53, in wrapped_app
    raise exc
  File "C:\Users\sarth\AppData\Roaming\Python\Python314\site-packages\starlette\_exception_handler.py", line 42, in wrapped_app
    await app(scope, receive, sender)
  File "C:\Users\sarth\AppData\Roaming\Python\Python314\site-packages\fastapi\routing.py", line 120, in app
    response = await f(request)
               ^^^^^^^^^^^^^^^^
  File "C:\Users\sarth\AppData\Roaming\Python\Python314\site-packages\fastapi\routing.py", line 674, in app
    raw_response = await run_endpoint_function(
                   ^^^^^^^^^^^^^^^^^^^^^^^^^^^^
    ...<3 lines>...
    )
    ^
  File "C:\Users\sarth\AppData\Roaming\Python\Python314\site-packages\fastapi\routing.py", line 328, in run_endpoint_function
    return await dependant.call(**values)
           ^^^^^^^^^^^^^^^^^^^^^^^^^^^^^^
  File "C:\Users\sarth\OneDrive\Desktop\JBooks\CarbonSense\backend\app\api\endpoints\drift.py", line 31, in get_drift_status
    return DriftStatusResponse(
        drift_detected=False,
    ...<3 lines>...
        adwin_width=32
    )
  File "C:\Users\sarth\AppData\Roaming\Python\Python314\site-packages\pydantic\main.py", line 263, in __init__
    validated_self = self.__pydantic_validator__.validate_python(data, self_instance=self)
pydantic_core._pydantic_core.ValidationError: 1 validation error for DriftStatusResponse
last_alarm_at
  Input should be a valid string [type=string_type, input_value=None, input_type=NoneType]
    For further information visit https://errors.pydantic.dev/2.13/v/string_type

2026-05-07 20:03:45,905 - root - ERROR - Error handling request http://127.0.0.1:8000/api/v1/drift/status: 1 validation error for DriftStatusResponse
last_alarm_at
  Input should be a valid string [type=string_type, input_value=None, input_type=NoneType]
    For further information visit https://errors.pydantic.dev/2.13/v/string_type
2026-05-07 20:03:45,907 - root - ERROR - Traceback (most recent call last):
  File "C:\Users\sarth\OneDrive\Desktop\JBooks\CarbonSense\backend\app\main.py", line 26, in log_errors_middleware
    return await call_next(request)
           ^^^^^^^^^^^^^^^^^^^^^^^^
  File "C:\Users\sarth\AppData\Roaming\Python\Python314\site-packages\starlette\middleware\base.py", line 168, in call_next
    raise app_exc from app_exc.__cause__ or app_exc.__context__
  File "C:\Users\sarth\AppData\Roaming\Python\Python314\site-packages\starlette\middleware\base.py", line 144, in coro
    await self.app(scope, receive_or_disconnect, send_no_error)
  File "C:\Users\sarth\AppData\Roaming\Python\Python314\site-packages\starlette\middleware\exceptions.py", line 63, in __call__
    await wrap_app_handling_exceptions(self.app, conn)(scope, receive, send)
  File "C:\Users\sarth\AppData\Roaming\Python\Python314\site-packages\starlette\_exception_handler.py", line 53, in wrapped_app
    raise exc
  File "C:\Users\sarth\AppData\Roaming\Python\Python314\site-packages\starlette\_exception_handler.py", line 42, in wrapped_app
    await app(scope, receive, sender)
  File "C:\Users\sarth\AppData\Roaming\Python\Python314\site-packages\fastapi\middleware\asyncexitstack.py", line 18, in __call__
    await self.app(scope, receive, send)
  File "C:\Users\sarth\AppData\Roaming\Python\Python314\site-packages\starlette\routing.py", line 660, in __call__
    await self.middleware_stack(scope, receive, send)
  File "C:\Users\sarth\AppData\Roaming\Python\Python314\site-packages\starlette\routing.py", line 680, in app
    await route.handle(scope, receive, send)
  File "C:\Users\sarth\AppData\Roaming\Python\Python314\site-packages\starlette\routing.py", line 276, in handle
    await self.app(scope, receive, send)
  File "C:\Users\sarth\AppData\Roaming\Python\Python314\site-packages\fastapi\routing.py", line 134, in app
    await wrap_app_handling_exceptions(app, request)(scope, receive, send)
  File "C:\Users\sarth\AppData\Roaming\Python\Python314\site-packages\starlette\_exception_handler.py", line 53, in wrapped_app
    raise exc
  File "C:\Users\sarth\AppData\Roaming\Python\Python314\site-packages\starlette\_exception_handler.py", line 42, in wrapped_app
    await app(scope, receive, sender)
  File "C:\Users\sarth\AppData\Roaming\Python\Python314\site-packages\fastapi\routing.py", line 120, in app
    response = await f(request)
               ^^^^^^^^^^^^^^^^
  File "C:\Users\sarth\AppData\Roaming\Python\Python314\site-packages\fastapi\routing.py", line 674, in app
    raw_response = await run_endpoint_function(
                   ^^^^^^^^^^^^^^^^^^^^^^^^^^^^
    ...<3 lines>...
    )
    ^
  File "C:\Users\sarth\AppData\Roaming\Python\Python314\site-packages\fastapi\routing.py", line 328, in run_endpoint_function
    return await dependant.call(**values)
           ^^^^^^^^^^^^^^^^^^^^^^^^^^^^^^
  File "C:\Users\sarth\OneDrive\Desktop\JBooks\CarbonSense\backend\app\api\endpoints\drift.py", line 31, in get_drift_status
    return DriftStatusResponse(
        drift_detected=False,
    ...<3 lines>...
        adwin_width=32
    )
  File "C:\Users\sarth\AppData\Roaming\Python\Python314\site-packages\pydantic\main.py", line 263, in __init__
    validated_self = self.__pydantic_validator__.validate_python(data, self_instance=self)
pydantic_core._pydantic_core.ValidationError: 1 validation error for DriftStatusResponse
last_alarm_at
  Input should be a valid string [type=string_type, input_value=None, input_type=NoneType]
    For further information visit https://errors.pydantic.dev/2.13/v/string_type

2026-05-07 20:03:45,922 - root - ERROR - Error handling request http://127.0.0.1:8000/api/v1/drift/status: 1 validation error for DriftStatusResponse
last_alarm_at
  Input should be a valid string [type=string_type, input_value=None, input_type=NoneType]
    For further information visit https://errors.pydantic.dev/2.13/v/string_type
2026-05-07 20:03:45,924 - root - ERROR - Traceback (most recent call last):
  File "C:\Users\sarth\OneDrive\Desktop\JBooks\CarbonSense\backend\app\main.py", line 26, in log_errors_middleware
    return await call_next(request)
           ^^^^^^^^^^^^^^^^^^^^^^^^
  File "C:\Users\sarth\AppData\Roaming\Python\Python314\site-packages\starlette\middleware\base.py", line 168, in call_next
    raise app_exc from app_exc.__cause__ or app_exc.__context__
  File "C:\Users\sarth\AppData\Roaming\Python\Python314\site-packages\starlette\middleware\base.py", line 144, in coro
    await self.app(scope, receive_or_disconnect, send_no_error)
  File "C:\Users\sarth\AppData\Roaming\Python\Python314\site-packages\starlette\middleware\exceptions.py", line 63, in __call__
    await wrap_app_handling_exceptions(self.app, conn)(scope, receive, send)
  File "C:\Users\sarth\AppData\Roaming\Python\Python314\site-packages\starlette\_exception_handler.py", line 53, in wrapped_app
    raise exc
  File "C:\Users\sarth\AppData\Roaming\Python\Python314\site-packages\starlette\_exception_handler.py", line 42, in wrapped_app
    await app(scope, receive, sender)
  File "C:\Users\sarth\AppData\Roaming\Python\Python314\site-packages\fastapi\middleware\asyncexitstack.py", line 18, in __call__
    await self.app(scope, receive, send)
  File "C:\Users\sarth\AppData\Roaming\Python\Python314\site-packages\starlette\routing.py", line 660, in __call__
    await self.middleware_stack(scope, receive, send)
  File "C:\Users\sarth\AppData\Roaming\Python\Python314\site-packages\starlette\routing.py", line 680, in app
    await route.handle(scope, receive, send)
  File "C:\Users\sarth\AppData\Roaming\Python\Python314\site-packages\starlette\routing.py", line 276, in handle
    await self.app(scope, receive, send)
  File "C:\Users\sarth\AppData\Roaming\Python\Python314\site-packages\fastapi\routing.py", line 134, in app
    await wrap_app_handling_exceptions(app, request)(scope, receive, send)
  File "C:\Users\sarth\AppData\Roaming\Python\Python314\site-packages\starlette\_exception_handler.py", line 53, in wrapped_app
    raise exc
  File "C:\Users\sarth\AppData\Roaming\Python\Python314\site-packages\starlette\_exception_handler.py", line 42, in wrapped_app
    await app(scope, receive, sender)
  File "C:\Users\sarth\AppData\Roaming\Python\Python314\site-packages\fastapi\routing.py", line 120, in app
    response = await f(request)
               ^^^^^^^^^^^^^^^^
  File "C:\Users\sarth\AppData\Roaming\Python\Python314\site-packages\fastapi\routing.py", line 674, in app
    raw_response = await run_endpoint_function(
                   ^^^^^^^^^^^^^^^^^^^^^^^^^^^^
    ...<3 lines>...
    )
    ^
  File "C:\Users\sarth\AppData\Roaming\Python\Python314\site-packages\fastapi\routing.py", line 328, in run_endpoint_function
    return await dependant.call(**values)
           ^^^^^^^^^^^^^^^^^^^^^^^^^^^^^^
  File "C:\Users\sarth\OneDrive\Desktop\JBooks\CarbonSense\backend\app\api\endpoints\drift.py", line 31, in get_drift_status
    return DriftStatusResponse(
        drift_detected=False,
    ...<3 lines>...
        adwin_width=32
    )
  File "C:\Users\sarth\AppData\Roaming\Python\Python314\site-packages\pydantic\main.py", line 263, in __init__
    validated_self = self.__pydantic_validator__.validate_python(data, self_instance=self)
pydantic_core._pydantic_core.ValidationError: 1 validation error for DriftStatusResponse
last_alarm_at
  Input should be a valid string [type=string_type, input_value=None, input_type=NoneType]
    For further information visit https://errors.pydantic.dev/2.13/v/string_type

2026-05-07 20:04:24,903 - root - ERROR - Error handling request http://127.0.0.1:8000/api/v1/drift/status: 1 validation error for DriftStatusResponse
last_alarm_at
  Input should be a valid string [type=string_type, input_value=None, input_type=NoneType]
    For further information visit https://errors.pydantic.dev/2.13/v/string_type
2026-05-07 20:04:24,905 - root - ERROR - Traceback (most recent call last):
  File "C:\Users\sarth\OneDrive\Desktop\JBooks\CarbonSense\backend\app\main.py", line 26, in log_errors_middleware
    return await call_next(request)
           ^^^^^^^^^^^^^^^^^^^^^^^^
  File "C:\Users\sarth\AppData\Roaming\Python\Python314\site-packages\starlette\middleware\base.py", line 168, in call_next
    raise app_exc from app_exc.__cause__ or app_exc.__context__
  File "C:\Users\sarth\AppData\Roaming\Python\Python314\site-packages\starlette\middleware\base.py", line 144, in coro
    await self.app(scope, receive_or_disconnect, send_no_error)
  File "C:\Users\sarth\AppData\Roaming\Python\Python314\site-packages\starlette\middleware\exceptions.py", line 63, in __call__
    await wrap_app_handling_exceptions(self.app, conn)(scope, receive, send)
  File "C:\Users\sarth\AppData\Roaming\Python\Python314\site-packages\starlette\_exception_handler.py", line 53, in wrapped_app
    raise exc
  File "C:\Users\sarth\AppData\Roaming\Python\Python314\site-packages\starlette\_exception_handler.py", line 42, in wrapped_app
    await app(scope, receive, sender)
  File "C:\Users\sarth\AppData\Roaming\Python\Python314\site-packages\fastapi\middleware\asyncexitstack.py", line 18, in __call__
    await self.app(scope, receive, send)
  File "C:\Users\sarth\AppData\Roaming\Python\Python314\site-packages\starlette\routing.py", line 660, in __call__
    await self.middleware_stack(scope, receive, send)
  File "C:\Users\sarth\AppData\Roaming\Python\Python314\site-packages\starlette\routing.py", line 680, in app
    await route.handle(scope, receive, send)
  File "C:\Users\sarth\AppData\Roaming\Python\Python314\site-packages\starlette\routing.py", line 276, in handle
    await self.app(scope, receive, send)
  File "C:\Users\sarth\AppData\Roaming\Python\Python314\site-packages\fastapi\routing.py", line 134, in app
    await wrap_app_handling_exceptions(app, request)(scope, receive, send)
  File "C:\Users\sarth\AppData\Roaming\Python\Python314\site-packages\starlette\_exception_handler.py", line 53, in wrapped_app
    raise exc
  File "C:\Users\sarth\AppData\Roaming\Python\Python314\site-packages\starlette\_exception_handler.py", line 42, in wrapped_app
    await app(scope, receive, sender)
  File "C:\Users\sarth\AppData\Roaming\Python\Python314\site-packages\fastapi\routing.py", line 120, in app
    response = await f(request)
               ^^^^^^^^^^^^^^^^
  File "C:\Users\sarth\AppData\Roaming\Python\Python314\site-packages\fastapi\routing.py", line 674, in app
    raw_response = await run_endpoint_function(
                   ^^^^^^^^^^^^^^^^^^^^^^^^^^^^
    ...<3 lines>...
    )
    ^
  File "C:\Users\sarth\AppData\Roaming\Python\Python314\site-packages\fastapi\routing.py", line 328, in run_endpoint_function
    return await dependant.call(**values)
           ^^^^^^^^^^^^^^^^^^^^^^^^^^^^^^
  File "C:\Users\sarth\OneDrive\Desktop\JBooks\CarbonSense\backend\app\api\endpoints\drift.py", line 31, in get_drift_status
    return DriftStatusResponse(
        drift_detected=False,
    ...<3 lines>...
        adwin_width=32
    )
  File "C:\Users\sarth\AppData\Roaming\Python\Python314\site-packages\pydantic\main.py", line 263, in __init__
    validated_self = self.__pydantic_validator__.validate_python(data, self_instance=self)
pydantic_core._pydantic_core.ValidationError: 1 validation error for DriftStatusResponse
last_alarm_at
  Input should be a valid string [type=string_type, input_value=None, input_type=NoneType]
    For further information visit https://errors.pydantic.dev/2.13/v/string_type

2026-05-07 20:04:24,999 - root - ERROR - Error handling request http://127.0.0.1:8000/api/v1/drift/status: 1 validation error for DriftStatusResponse
last_alarm_at
  Input should be a valid string [type=string_type, input_value=None, input_type=NoneType]
    For further information visit https://errors.pydantic.dev/2.13/v/string_type
2026-05-07 20:04:25,004 - root - ERROR - Traceback (most recent call last):
  File "C:\Users\sarth\OneDrive\Desktop\JBooks\CarbonSense\backend\app\main.py", line 26, in log_errors_middleware
    return await call_next(request)
           ^^^^^^^^^^^^^^^^^^^^^^^^
  File "C:\Users\sarth\AppData\Roaming\Python\Python314\site-packages\starlette\middleware\base.py", line 168, in call_next
    raise app_exc from app_exc.__cause__ or app_exc.__context__
  File "C:\Users\sarth\AppData\Roaming\Python\Python314\site-packages\starlette\middleware\base.py", line 144, in coro
    await self.app(scope, receive_or_disconnect, send_no_error)
  File "C:\Users\sarth\AppData\Roaming\Python\Python314\site-packages\starlette\middleware\exceptions.py", line 63, in __call__
    await wrap_app_handling_exceptions(self.app, conn)(scope, receive, send)
  File "C:\Users\sarth\AppData\Roaming\Python\Python314\site-packages\starlette\_exception_handler.py", line 53, in wrapped_app
    raise exc
  File "C:\Users\sarth\AppData\Roaming\Python\Python314\site-packages\starlette\_exception_handler.py", line 42, in wrapped_app
    await app(scope, receive, sender)
  File "C:\Users\sarth\AppData\Roaming\Python\Python314\site-packages\fastapi\middleware\asyncexitstack.py", line 18, in __call__
    await self.app(scope, receive, send)
  File "C:\Users\sarth\AppData\Roaming\Python\Python314\site-packages\starlette\routing.py", line 660, in __call__
    await self.middleware_stack(scope, receive, send)
  File "C:\Users\sarth\AppData\Roaming\Python\Python314\site-packages\starlette\routing.py", line 680, in app
    await route.handle(scope, receive, send)
  File "C:\Users\sarth\AppData\Roaming\Python\Python314\site-packages\starlette\routing.py", line 276, in handle
    await self.app(scope, receive, send)
  File "C:\Users\sarth\AppData\Roaming\Python\Python314\site-packages\fastapi\routing.py", line 134, in app
    await wrap_app_handling_exceptions(app, request)(scope, receive, send)
  File "C:\Users\sarth\AppData\Roaming\Python\Python314\site-packages\starlette\_exception_handler.py", line 53, in wrapped_app
    raise exc
  File "C:\Users\sarth\AppData\Roaming\Python\Python314\site-packages\starlette\_exception_handler.py", line 42, in wrapped_app
    await app(scope, receive, sender)
  File "C:\Users\sarth\AppData\Roaming\Python\Python314\site-packages\fastapi\routing.py", line 120, in app
    response = await f(request)
               ^^^^^^^^^^^^^^^^
  File "C:\Users\sarth\AppData\Roaming\Python\Python314\site-packages\fastapi\routing.py", line 674, in app
    raw_response = await run_endpoint_function(
                   ^^^^^^^^^^^^^^^^^^^^^^^^^^^^
    ...<3 lines>...
    )
    ^
  File "C:\Users\sarth\AppData\Roaming\Python\Python314\site-packages\fastapi\routing.py", line 328, in run_endpoint_function
    return await dependant.call(**values)
           ^^^^^^^^^^^^^^^^^^^^^^^^^^^^^^
  File "C:\Users\sarth\OneDrive\Desktop\JBooks\CarbonSense\backend\app\api\endpoints\drift.py", line 31, in get_drift_status
    return DriftStatusResponse(
        drift_detected=False,
    ...<3 lines>...
        adwin_width=32
    )
  File "C:\Users\sarth\AppData\Roaming\Python\Python314\site-packages\pydantic\main.py", line 263, in __init__
    validated_self = self.__pydantic_validator__.validate_python(data, self_instance=self)
pydantic_core._pydantic_core.ValidationError: 1 validation error for DriftStatusResponse
last_alarm_at
  Input should be a valid string [type=string_type, input_value=None, input_type=NoneType]
    For further information visit https://errors.pydantic.dev/2.13/v/string_type

